FileName,Loc,AvgAssignment,AvgBlankLines,AvgColon,AvgComment,AvgDash,AvgEnvLenght,AvgEnvVariable,AvgIfStatement,AvgIndentation,AvgKeyword,AvgLineLenght,AvgNumber,AvgParenthesis,AvgScriptLenght,AvgSpace,MaxEnvLenght,MaxEnvVariable,MaxIndentation,MaxLineeLenght,MaxNumber,MaxOccurencesCharacter,MaxOccurrencesEnv,MaxScriptLenght,Readable
38a7c5df7c01ffeb114dfd28e0418b90066930bc.yml,121,0.25,0.1322314049586777,0.3194444444444444,0.2727272727272727,1.1805555555555556,14.571428571428571,0.05785123966942149,0,2.6707317073170733,0.23863636363636365,26.735537190082646,0.9305555555555556,0.5277777777777778,33.71111111111111,4.724489795918367,28,1,8,182,40,140,12,75,1.0
b24ca8dbca0e44281c52b05009628ae588064fb6.yml,89,0.2558139534883721,0.16853932584269662,0.3488372093023256,0.34831460674157305,1.8837209302325582,17.25,0.0449438202247191,0.058823529411764705,1.0588235294117647,0.2413793103448276,29.820224719101123,1.255813953488372,0.18604651162790697,48.666666666666664,3.3636363636363638,28,1,4,182,40,100,2,91,0.0
353ab32eeee090d392b98f38384f5134aea81944.yml,49,0.09302325581395349,0.12244897959183673,0.4418604651162791,0,0.4186046511627907,0,0,0.046511627906976744,2.697674418604651,0.3877551020408163,12.306122448979592,0.5813953488372093,0.18604651162790697,21.11764705882353,3.4081632653061225,0,0,6,63,4,42,0,64,1.0
12d11ea117dcefb1996626e7c8374dd6e34542d9.yml,50,0.09090909090909091,0.12,0.4318181818181818,0,0.45454545454545453,0,0,0.045454545454545456,2.6818181818181817,0.38,12.96,0.5681818181818182,0.18181818181818182,22.833333333333332,3.56,0,0,6,63,4,43,0,64,0.0
e7c05b1fda999e5676289386a956dc56df03eec2.yml,659,0.47145187601957583,0.019726858877086494,0.3442088091353997,0.05007587253414264,1.234910277324633,9.651041666666666,0.291350531107739,0.045171339563862926,6.031152647975078,0.329073482428115,27.25948406676783,1.265905383360522,0.38499184339314846,45.73869346733668,7.848854961832061,17,1,10,171,22,873,86,173,1.0
f08c8ef9b7d7cf8bbdb744636f64515ac072569d.yml,650,0.47029702970297027,0.02,0.3481848184818482,0.047692307692307694,1.2376237623762376,9.651041666666666,0.2953846153846154,0.044233807266982623,6.052132701421801,0.33279483037156704,27.141538461538463,1.2722772277227723,0.3564356435643564,46.125,7.848297213622291,17,1,10,171,22,863,84,173,0.0
e82982e3dce677090433ba54e21877001589927f.yml,118,0.6041666666666666,0.06779661016949153,0.4479166666666667,0.11864406779661017,2.0833333333333335,9.0,0.2711864406779661,0.10377358490566038,3.056603773584906,0.375,32.99152542372882,1.0729166666666667,0.4583333333333333,64.77142857142857,6.973684210526316,16,4,8,458,62,200,17,468,1.0
b2d0914354771fe972c3cc60e420f7d56710f316.yml,113,0.625,0.07079646017699115,0.4479166666666667,0.07964601769911504,2.1875,9.0,0.2831858407079646,0.1188118811881188,3.1881188118811883,0.375,33.469026548672566,1.1041666666666667,0.5208333333333334,67.44444444444444,7.376146788990826,16,4,8,458,62,210,17,468,0.0
9eef58c8009a1ee80968ccee7a79dc82f0692f50.yml,49,0.40425531914893614,0.04081632653061224,0.3617021276595745,0,1.0,9.0,0.02040816326530612,0.043478260869565216,4.191489361702128,0.3469387755102041,21.163265306122447,0.1276595744680851,0.1702127659574468,48.3125,5.571428571428571,9,1,6,210,2,55,1,218,1.0
d1514acf887d49c7ceb02e1414f2b745bcd25e0c.yml,49,0.46808510638297873,0.04081632653061224,0.3617021276595745,0,1.0638297872340425,9.0,0.02040816326530612,0.043478260869565216,4.191489361702128,0.3469387755102041,22.959183673469386,0.1276595744680851,0.1702127659574468,54.0,5.63265306122449,9,1,6,298,2,59,1,309,0.0
53dd843d7388fdc8ccd965ccbf12a8e44e2d35f2.yml,75,1.1363636363636365,0.17333333333333334,0.5681818181818182,0.25333333333333335,1.3409090909090908,11.0,0.4,0.16129032258064516,3.629032258064516,0.43859649122807015,42.026666666666664,1.6818181818181819,0.9090909090909091,82.4375,7.1866666666666665,13,3,10,161,7,88,12,187,1.0
b1b9c80555087d5af8b57d75d176a413ed140171.yml,75,1.1363636363636365,0.17333333333333334,0.5681818181818182,0.25333333333333335,1.3409090909090908,11.0,0.4,0.16129032258064516,3.4193548387096775,0.43859649122807015,42.026666666666664,1.6818181818181819,0.9090909090909091,82.4375,6.88,13,3,10,161,7,88,12,187,0.0
3825f615bac593eab51335f7fe5a6c08a26d79a7.yml,80,1.0816326530612246,0.175,0.5918367346938775,0.225,1.2653061224489797,11.0,0.4125,0.15151515151515152,4.015151515151516,0.4603174603174603,39.1625,1.7346938775510203,0.8163265306122449,82.4375,7.4125,13,3,10,161,7,93,16,187,1.0
53dd843d7388fdc8ccd965ccbf12a8e44e2d35f2.yml,75,1.1363636363636365,0.17333333333333334,0.5681818181818182,0.25333333333333335,1.3409090909090908,11.0,0.4,0.16129032258064516,3.629032258064516,0.43859649122807015,42.026666666666664,1.6818181818181819,0.9090909090909091,82.4375,7.1866666666666665,13,3,10,161,7,88,12,187,1.0
38d4655cb6271c02ca7a92aa14302af83d8195c4.yml,202,0.4672131147540984,0.1782178217821782,0.5819672131147541,0.21782178217821782,0.7540983606557377,9.08108108108108,0.18316831683168316,0.025157232704402517,6.150943396226415,0.4430379746835443,20.133663366336634,0.28688524590163933,0.08196721311475409,29.0,7.225641025641026,18,2,22,80,7,150,13,83,1.0
6d33347f290846d81267df9d658290a163253e4a.yml,200,0.45081967213114754,0.18,0.5819672131147541,0.21,0.7540983606557377,9.08108108108108,0.185,0.025477707006369428,6.229299363057325,0.4430379746835443,19.915,0.28688524590163933,0.08196721311475409,29.5,7.186528497409326,18,2,22,80,7,151,12,83,0.0
be90946e4efe2c6666106e376eb51562a926ddd7.yml,51,0.37777777777777777,0,0.5555555555555556,0.1568627450980392,0.8222222222222222,9.833333333333334,0.11764705882352941,0.0425531914893617,4.25531914893617,0.5333333333333333,21.80392156862745,0.5777777777777777,0.6222222222222222,30.0,5.723404255319149,10,1,12,137,4,44,6,79,1.0
07dff7d1d614b33e3a6d3e3ade38ce648b53a632.yml,30,0.25,0,0.7083333333333334,0.23333333333333334,1.125,9.0,0.03333333333333333,0.07692307692307693,2.230769230769231,0.7083333333333334,25.7,0.125,0.3333333333333333,97.33333333333333,4.6923076923076925,9,1,6,146,2,32,1,164,0.0
42421825884b5aaa52fbe1331b23bacaaaf347ee.yml,100,0.44285714285714284,0.12,0.37142857142857144,0.19,1.8857142857142857,10.0,0.23,0.047619047619047616,3.0476190476190474,0.24390243902439024,28.9,1.9285714285714286,0.2857142857142857,35.979166666666664,5.15625,10,3,8,117,15,132,20,117,1.0
784b20c04d299ccb7a7fb9d3c90aa31dff3bf520.yml,76,0.6666666666666666,0.13157894736842105,0.5625,0.25,2.7916666666666665,10.0,0.3026315789473684,0,2.1774193548387095,0.2413793103448276,40.88157894736842,2.9166666666666665,0.5,71.5,5.791666666666667,10,3,9,118,21,134,20,133,0.0
2c598cc77822b27eef5ee6c2810ed6da49ff95bf.yml,354,0.4702194357366771,0.022598870056497175,0.4827586206896552,0.0847457627118644,1.3824451410658307,15.0,0.002824858757062147,0.003115264797507788,5.364485981308412,0.46788990825688076,18.774011299435028,0.25705329153605017,0.0438871473354232,42.5,6.3465045592705165,15,1,8,256,5,441,3,68,1.0
1753e4140b1eea1b26a9bab61cd36a645a9ba1fe.yml,474,0.4337899543378995,0.016877637130801686,0.5159817351598174,0.05907172995780591,1.269406392694064,5.475,0.2510548523206751,0.0022675736961451248,5.360544217687075,0.5044843049327354,17.637130801687764,0.2762557077625571,0.0273972602739726,46.4,6.287305122494432,15,7,8,256,5,556,27,68,0.0
9f94e6208b0ab7f879c6fd35b9c1430f1ed09a64.yml,86,0.42105263157894735,0.11627906976744186,0.3684210526315789,0.2558139534883721,1.4736842105263157,6.2,0.23255813953488372,0.013888888888888888,2.638888888888889,0.29850746268656714,24.63953488372093,0.42105263157894735,0.3508771929824561,39.375,4.219512195121951,13,1,8,91,5,84,17,57,1.0
4682ffcbb0fe16ab21bd05a03af50125e6fab640.yml,95,0.4153846153846154,0.10526315789473684,0.3230769230769231,0.24210526315789474,1.353846153846154,6.2,0.21052631578947367,0.024691358024691357,2.814814814814815,0.26666666666666666,25.652631578947368,0.36923076923076925,0.5538461538461539,33.1875,4.56043956043956,13,1,8,91,5,88,19,57,0.0
0138d609f7722d4e2ca0226aa21e0795384b4a2e.yml,230,0.47767857142857145,0.021739130434782608,0.6428571428571429,0.004347826086956522,2.049107142857143,12.74,0.21739130434782608,0.044642857142857144,6.004464285714286,0.5676855895196506,27.265217391304347,0.16964285714285715,0.49107142857142855,37.72727272727273,8.31004366812227,22,1,16,374,2,459,32,108,1.0
07d98957981a30055e98486911cecc736421467d.yml,263,0.5330739299610895,0.019011406844106463,0.5603112840466926,0.0038022813688212928,1.9182879377431907,11.85,0.3041825095057034,0.038910505836575876,6.35408560311284,0.4961832061068702,25.513307984790874,0.14785992217898833,0.41245136186770426,38.53191489361702,8.374045801526718,22,1,16,374,2,493,28,108,0.0
a9690ace022c7b978ec4efd3f387267364682492.yml,625,0.44264943457189015,0.0096,0.529886914378029,0,1.9305331179321485,14.116279069767442,0.2752,0.033925686591276254,4.274636510500808,0.5248,24.9296,0.4604200323101777,0.1421647819063005,41.5,5.9264,22,1,12,691,85,1195,59,108,1.0
a1a1c47b063a80802b7fa4a407878484beeab60d.yml,624,0.441747572815534,0.009615384615384616,0.5339805825242718,0,1.9336569579288025,14.116279069767442,0.27564102564102566,0.03398058252427184,4.275080906148867,0.5288461538461539,24.927884615384617,0.46116504854368934,0.1423948220064725,41.69620253164557,5.92948717948718,22,1,12,691,85,1195,59,108,0.0
6b1ed6e021c1380e8cdff41cf6a7a05c541d6b09.yml,92,0.8695652173913043,0.06521739130434782,0.9565217391304348,0.1956521739130435,3.739130434782609,4.2,0.22826086956521738,0,5.52112676056338,0.8,52.31521739130435,3.5942028985507246,0.2898550724637681,0,7.0,7,4,12,694,106,258,15,0,1.0
52ecafc8884fdd129fb98e93001ccc3ad3222aa2.yml,89,0.9866666666666667,0.07865168539325842,0.7333333333333333,0.07865168539325842,3.6533333333333333,4.882352941176471,0.25842696629213485,0.07792207792207792,5.116883116883117,0.6097560975609756,50.46067415730337,3.3466666666666667,0.64,87.71428571428571,6.869047619047619,16,4,12,694,106,274,19,145,0.0
c7987a31626a4c6694bdf3492e0ade7f9884677c.yml,427,0.2962962962962963,0.06323185011709602,0.5669515669515669,0.11475409836065574,1.7179487179487178,4.529411764705882,0.03981264637002342,0.028205128205128206,5.62051282051282,0.37037037037037035,27.627634660421545,0.4045584045584046,1.0227920227920229,31.01098901098901,8.599520383693045,9,1,16,109,10,668,15,109,1.0
dcae185a000576fc91c12287149e65b7588e925e.yml,333,0.3726235741444867,0.09009009009009009,0.30798479087452474,0.12012012012012012,1.4524714828897338,4.68,0.07507507507507508,0.026845637583892617,7.315436241610739,0.24573378839590443,23.83783783783784,0.4524714828897338,0.4752851711026616,32.131979695431475,9.192073170731707,9,1,18,109,10,382,12,109,0.0
e3db4cb8b992a283aabfad7bae621fe90e6273ff.yml,24,0.625,0.20833333333333334,0.5,0.125,2.375,7.0,0.20833333333333334,0,2.125,0.38095238095238093,22.083333333333332,3.0,0,0,4.428571428571429,7,1,4,67,13,38,5,0,1.0
70c1b1ac9269d7953929701741aa7d918a19a198.yml,22,0.6666666666666666,0.18181818181818182,0.4666666666666667,0.13636363636363635,2.533333333333333,7.0,0.22727272727272727,0,2.2666666666666666,0.3684210526315789,23.636363636363637,3.2,0,0,3.6842105263157894,7,1,4,67,13,38,5,0,0.0
f38e6c63e9bed2aea5dffcf058fca13f7917365b.yml,19,0.06666666666666667,0.21052631578947367,0.8666666666666667,0,0.3333333333333333,12.0,0.05263157894736842,0,2.4,0.6842105263157895,8.842105263157896,0.2,0,0,2.6315789473684212,12,1,6,30,2,14,1,0,1.0
8392578216548c01713319df199c7344e056ba24.yml,20,0.125,0.2,0.875,0,0.25,12.0,0.1,0,2.375,0.7,10.0,0.1875,0,0,2.6,12,1,6,33,2,15,2,0,0.0
10efab54d7ac40361e999469bf410cb056905a65.yml,73,0.3972602739726027,0,0.2328767123287671,0,1.3835616438356164,12.833333333333334,0.1780821917808219,0.0547945205479452,3.6986301369863015,0.2054794520547945,21.26027397260274,0.2191780821917808,0.2191780821917808,28.333333333333332,5.041095890410959,14,2,8,184,2,116,10,191,1.0
97b2bbd5640590ca5ed7df63c7cdbbab90c192a7.yml,74,0.40540540540540543,0,0.22972972972972974,0,1.7432432432432432,12.923076923076923,0.1891891891891892,0.05405405405405406,3.7027027027027026,0.20270270270270271,22.986486486486488,0.21621621621621623,0.21621621621621623,28.333333333333332,5.202702702702703,14,2,8,184,2,129,11,191,0.0
e7c05b1fda999e5676289386a956dc56df03eec2.yml,659,0.47145187601957583,0.019726858877086494,0.3442088091353997,0.05007587253414264,1.234910277324633,9.651041666666666,0.291350531107739,0.045171339563862926,6.031152647975078,0.329073482428115,27.25948406676783,1.265905383360522,0.38499184339314846,45.73869346733668,7.848854961832061,17,1,10,171,22,873,86,173,1.0
f08c8ef9b7d7cf8bbdb744636f64515ac072569d.yml,650,0.47029702970297027,0.02,0.3481848184818482,0.047692307692307694,1.2376237623762376,9.651041666666666,0.2953846153846154,0.044233807266982623,6.052132701421801,0.33279483037156704,27.141538461538463,1.2722772277227723,0.3564356435643564,46.125,7.848297213622291,17,1,10,171,22,863,84,173,0.0
3c2e20df794220524b6dbe25187e46bd8ac6b296.yml,66,0.11320754716981132,0.09090909090909091,0.37735849056603776,0.10606060606060606,1.3962264150943395,5.333333333333333,0.045454545454545456,0,2.7,0.3389830508474576,20.333333333333332,0.33962264150943394,0.1509433962264151,32.57142857142857,5.2727272727272725,11,1,10,68,3,76,3,73,1.0
f9f628da82520822fc98b896621ff344f8d8b712.yml,76,0.08571428571428572,0.07894736842105263,0.2857142857142857,0,1.3,5.333333333333333,0.039473684210526314,0,2.8,0.2631578947368421,17.5,0.3142857142857143,0.11428571428571428,22.26923076923077,4.828947368421052,11,1,10,68,3,91,3,73,0.0
4d9a4d33bc2f6c5c107bd28d04e3384d97f3f36a.yml,33,1.4242424242424243,0,0.7575757575757576,0,3.3636363636363638,17.571428571428573,0.42424242424242425,0.030303030303030304,0.5454545454545454,0.6363636363636364,123.75757575757575,8.272727272727273,5.636363636363637,199.35294117647058,9.484848484848484,23,6,4,426,36,178,15,444,1.0
a8bcbb05f4067a589d76f9a96f8f61fc6efaad91.yml,35,1.2857142857142858,0,0.7142857142857143,0,3.1142857142857143,17.571428571428573,0.4,0.02857142857142857,0.6285714285714286,0.6,114.02857142857142,7.8,3.657142857142857,172.05263157894737,8.285714285714286,23,6,4,426,36,183,15,444,0.0
20ddc1e0864da817a6d7dcb7168838803452e852.yml,387,0.3878116343490305,0.03875968992248062,0.6537396121883656,0.03359173126614987,0.8836565096952909,10.225806451612904,0.3152454780361757,0.0027397260273972603,6.50958904109589,0.6143617021276596,22.674418604651162,0.6565096952908587,0.11080332409972299,29.0,7.586842105263158,17,3,12,149,12,477,40,100,1.0
ed6168f7cee42dd42a93a7c8a11cb535b11932b2.yml,328,0.4605263157894737,0.042682926829268296,0.7828947368421053,0.042682926829268296,0.8848684210526315,10.225806451612904,0.3719512195121951,0.003257328990228013,5.485342019543974,0.7327044025157232,27.402439024390244,0.7828947368421053,0.20394736842105263,29.0,7.099688473520249,17,3,11,219,12,490,40,100,0.0
a5d73d4d7240a079b53cdb3e7d82985598e0529c.yml,250,0.40186915887850466,0.064,0.5934579439252337,0.128,0.9719626168224299,10.25,0.288,0.004424778761061947,4.893805309734513,0.5347826086956522,24.872,0.5186915887850467,0.14953271028037382,27.52173913043478,6.099173553719008,17,3,12,149,5,283,23,100,1.0
20ddc1e0864da817a6d7dcb7168838803452e852.yml,387,0.3878116343490305,0.03875968992248062,0.6537396121883656,0.03359173126614987,0.8836565096952909,10.225806451612904,0.3152454780361757,0.0027397260273972603,6.50958904109589,0.6143617021276596,22.674418604651162,0.6565096952908587,0.11080332409972299,29.0,7.586842105263158,17,3,12,149,12,477,40,100,1.0
622048ffb08b716019259e56c97ff07c10a8338e.yml,352,0.012738853503184714,0,0.11464968152866242,0.5539772727272727,1.1337579617834395,0,0,0,0.8465909090909091,0.10828025477707007,27.12784090909091,0.9745222929936306,0.08917197452229299,39.648648648648646,3.1306818181818183,0,0,2,156,16,443,0,162,1.0
65a36948c0bff2889c6e6ed88a153ae666a1acbe.yml,352,0.012738853503184714,0,0.11464968152866242,0.5539772727272727,1.1337579617834395,0,0,0,0.8465909090909091,0.10828025477707007,27.12784090909091,0.9745222929936306,0.08917197452229299,39.648648648648646,3.133522727272727,0,0,2,156,16,443,0,162,0.0
ef5225b776c4592d4815ae6134e6174c65542da9.yml,96,0.3150684931506849,0.125,0.5205479452054794,0.11458333333333333,0.9863013698630136,28.5,0.03125,0.05952380952380952,2.857142857142857,0.38823529411764707,23.041666666666668,1.0547945205479452,0.2191780821917808,44.904761904761905,4.46875,30,1,6,182,26,119,1,154,1.0
48b05838666cc1670ea10d83fe303c3cf1d104d6.yml,95,0.3380281690140845,0.12631578947368421,0.5352112676056338,0.12631578947368421,1.0140845070422535,28.5,0.031578947368421054,0.0821917808219178,2.4794520547945207,0.39759036144578314,24.431578947368422,1.0845070422535212,0.2535211267605634,51.35,4.094117647058823,30,1,6,182,26,121,1,154,0.0
cb94d184405997977d92d7a7e49559ec5d081e5b.yml,234,0.9243697478991597,0.1623931623931624,0.5798319327731093,0.3333333333333333,1.3949579831932772,8.0,0.06837606837606838,0.06153846153846154,2.605128205128205,0.36942675159235666,39.22649572649573,2.0672268907563027,1.1260504201680672,51.17741935483871,4.703862660944206,8,1,10,182,30,210,16,147,1.0
31c08e11b596f70839ac440716ee6c7618540a51.yml,272,1.2519685039370079,0.17647058823529413,0.5905511811023622,0.3602941176470588,1.8425196850393701,8.294117647058824,0.0661764705882353,0.13004484304932734,2.3587443946188342,0.3485714285714286,40.1360294117647,2.141732283464567,2.031496062992126,83.79629629629629,5.136531365313653,13,1,12,182,30,250,31,161,0.0
f31295a004e019c85a661bd3859aa649703b3949.yml,297,0.961038961038961,0.15151515151515152,0.5844155844155844,0.3333333333333333,1.2272727272727273,9.23913043478261,0.15824915824915825,0.055776892430278883,3.043824701195219,0.3969849246231156,38.36363636363637,1.8246753246753247,1.051948051948052,45.521126760563384,4.986486486486487,13,3,12,182,30,236,16,138,1.0
41c621ba0face4cc73b813d6411eeccc32b65249.yml,265,0.9708029197080292,0.15849056603773584,0.583941605839416,0.3283018867924528,1.313868613138686,8.0,0.07547169811320754,0.06306306306306306,2.873873873873874,0.3854748603351955,38.85283018867924,1.9562043795620438,1.1532846715328466,51.38461538461539,4.909090909090909,8,1,12,182,30,227,21,147,0.0
af1d2a8f8d3808aa58e65aba73037e9ca403b8dc.yml,51,0.32608695652173914,0.0196078431372549,0.45652173913043476,0.0784313725490196,3.239130434782609,2.0,0.23529411764705882,0,1.68,0.3191489361702128,48.15686274509804,1.7826086956521738,0.34782608695652173,63.714285714285715,5.098039215686274,2,6,4,143,13,163,17,156,1.0
1bb484b6c163cae76a877f5fd9ec5dc69a6b3ef8.yml,50,0.3333333333333333,0.02,0.4666666666666667,0.08,3.2,2.0,0.24,0,1.6734693877551021,0.32608695652173914,47.9,1.8222222222222222,0.35555555555555557,63.705882352941174,5.06,2,6,4,143,13,158,16,156,0.0
6e7b27c556df46c5822c479933e1a0a54ae0dcb6.yml,81,0.17543859649122806,0.09876543209876543,0.47368421052631576,0.2345679012345679,1.1228070175438596,11.0,0.024691358024691357,0.0273972602739726,4.657534246575342,0.4153846153846154,19.234567901234566,0.38596491228070173,0.17543859649122806,24.4375,5.802469135802469,11,1,12,98,4,64,3,107,1.0
68487f540044626c0b7b752d9fdf9a5b4ed26e77.yml,87,0.18333333333333332,0.11494252873563218,0.4666666666666667,0.22988505747126436,1.1,11.0,0.022988505747126436,0.025974025974025976,4.51948051948052,0.4,18.436781609195403,0.43333333333333335,0.16666666666666666,24.058823529411764,5.551724137931035,11,1,12,98,4,66,3,107,0.0
44d0d9bc1f93da603b8e14c9499e086e220f4694.yml,88,1.0,0.045454545454545456,0.2765957446808511,0.42045454545454547,2.276595744680851,13.6,0.5113636363636364,0,1.9523809523809523,0.17647058823529413,42.20454545454545,1.9148936170212767,0.1702127659574468,46.1,5.556818181818182,18,5,4,117,8,107,11,125,1.0
9dc94bf1f28eb64b2c02172c47b175c75757699f.yml,76,1.0217391304347827,0.05263157894736842,0.2826086956521739,0.34210526315789475,2.282608695652174,13.6,0.5921052631578947,0,2.2222222222222223,0.18,40.921052631578945,1.9565217391304348,0.21739130434782608,47.3448275862069,5.815789473684211,18,5,4,117,8,105,13,125,0.0
eea7475e57c6c3d28f8a95b69f99044b6712c257.yml,97,0.3902439024390244,0.09278350515463918,0.47560975609756095,0.061855670103092786,0.6951219512195121,14.705882352941176,0.17525773195876287,0.06097560975609756,4.573170731707317,0.4065934065934066,16.38144329896907,0.17073170731707318,0.36585365853658536,35.266666666666666,5.373626373626373,18,1,11,170,2,81,8,175,1.0
3b2bb854be2e65c500ad7433e10a67d8a2c69fc7.yml,229,0.7371134020618557,0.021834061135371178,0.20103092783505155,0.13537117903930132,1.1185567010309279,13.15,0.18777292576419213,0.09375,4.058035714285714,0.12562814070351758,33.56768558951965,0.7680412371134021,0.8350515463917526,42.11764705882353,7.2663755458515285,18,1,11,237,28,294,17,245,0.0
bec7fa72c1b3474b63d0965ca799cbcd5626bb74.yml,239,0.49044585987261147,0.15481171548117154,0.6050955414012739,0.18828451882845187,1.3248407643312101,8.333333333333334,0.100418410041841,0.015,5.03,0.4536082474226804,22.91213389121339,0.8598726114649682,0.6878980891719745,46.325581395348834,6.139240506329114,10,2,14,103,6,208,23,113,1.0
211e195d8f9dd6fa967a5741387fb5eae1ff351b.yml,155,0.5179856115107914,0.05806451612903226,0.5683453237410072,0.04516129032258064,1.2517985611510791,11.076923076923077,0.16774193548387098,0.08275862068965517,5.862068965517241,0.49324324324324326,28.948387096774194,0.8561151079136691,1.0215827338129497,58.54545454545455,7.642857142857143,13,2,12,159,9,174,16,167,0.0
657fcac78c497995e906b1099b16bc29c930f343.yml,87,0.45614035087719296,0.16091954022988506,0.40350877192982454,0.1839080459770115,1.4210526315789473,5.0,0.27586206896551724,0,1.8115942028985508,0.28169014084507044,20.402298850574713,0.6666666666666666,0.03508771929824561,35.172413793103445,3.5903614457831323,7,3,6,175,4,91,8,190,1.0
a8e49c437ae3e91d1f874fc999bed376bb5881e6.yml,126,0.37681159420289856,0.1984126984126984,0.3188405797101449,0.25396825396825395,2.3333333333333335,5.0,0.19047619047619047,0,1.4948453608247423,0.2127659574468085,24.3015873015873,0.7536231884057971,0.028985507246376812,46.41463414634146,3.8934426229508197,7,3,6,124,7,184,8,136,0.0
46174879efbd6bad0c8d5105429562ab3cb1e9df.yml,290,0.2621951219512195,0.16206896551724137,0.676829268292683,0.27241379310344827,1.9390243902439024,9.5625,0.05862068965517241,0.0223463687150838,4.312849162011173,0.4928909952606635,30.344827586206897,0.9024390243902439,0.8292682926829268,75.25,5.367256637168142,12,1,10,1115,27,334,17,1183,1.0
5db41313ba4b8652c90af2294871a662387210e9.yml,308,0.2621951219512195,0.15584415584415584,0.676829268292683,0.3116883116883117,1.9390243902439024,9.5625,0.05519480519480519,0.02040816326530612,3.938775510204082,0.49056603773584906,33.256493506493506,0.9024390243902439,0.8292682926829268,75.25,5.110655737704918,12,1,10,1115,27,334,17,1183,0.0
7bc5cb2e5ba428d909d4b5536bd0848f0330dd70.yml,64,0.375,0.078125,0.9375,0.421875,0.53125,12.0,0.1875,0,3.875,0.8108108108108109,28.671875,0.3125,0,21.0,4.405405405405405,12,2,6,67,4,33,8,25,1.0
f51b3cb8b76158e1c59df0d842ea572ceaad4f62.yml,63,0.8387096774193549,0.07936507936507936,0.9354838709677419,0.42857142857142855,1.7741935483870968,11.25,0.15873015873015872,0,4.0,0.8055555555555556,34.317460317460316,0.41935483870967744,0,21.0,4.916666666666667,12,3,6,167,4,55,6,25,0.0
00a6eb6687d6b3f658b20c8cdd7224bf85b0741a.yml,124,1.065217391304348,0.06451612903225806,0.5978260869565217,0.1935483870967742,1.2608695652173914,8.0,0.4838709677419355,0.043478260869565216,3.5043478260869567,0.49,26.725806451612904,0.9456521739130435,0.5434782608695652,44.906976744186046,7.414634146341464,15,4,8,215,39,146,19,221,1.0
e6c345a7ddd41875f0d83472f6e8e0251aa2a2f8.yml,84,1.943661971830986,0.08333333333333333,0.5492957746478874,0.07142857142857142,2.788732394366197,4.857142857142857,0.3333333333333333,0.06578947368421052,3.6842105263157894,0.4230769230769231,43.63095238095238,1.619718309859155,0.4788732394366197,40.473684210526315,9.855421686746988,15,5,8,199,11,198,17,206,0.0
775e42fc8882c1443977ed97010ff0631ce6f3cf.yml,128,1.09375,0.0625,0.5729166666666666,0.1875,1.2604166666666667,8.580645161290322,0.4921875,0.04201680672268908,3.5294117647058822,0.47115384615384615,27.2265625,0.9166666666666666,0.5208333333333334,44.52173913043478,7.354330708661418,15,4,8,245,39,149,19,252,1.0
dc0be35d69569f5aa8ccfedff47c16d0da08c9e2.yml,87,1.9333333333333333,0.06896551724137931,0.52,0.06896551724137931,2.7066666666666666,5.741935483870968,0.3563218390804598,0.0625,3.7125,0.4074074074074074,44.0919540229885,1.5466666666666666,0.4533333333333333,40.36585365853659,9.767441860465116,15,6,8,229,11,203,17,237,0.0
5032c9104d84ad56e6afe406aa0081b492462fde.yml,31,0.18518518518518517,0.12903225806451613,0.4074074074074074,0,2.074074074074074,0,0,0,1.7037037037037037,0.3225806451612903,32.29032258064516,0.8518518518518519,0.14814814814814814,51.36842105263158,5.161290322580645,0,0,4,121,4,66,0,122,1.0
b2bebb9821a8d4af76d5ebfc9a4217879460d93d.yml,38,0.11764705882352941,0.10526315789473684,0.3235294117647059,0.05263157894736842,1.911764705882353,0,0,0,1.7647058823529411,0.2631578947368421,32.81578947368421,0.6764705882352942,0.11764705882352941,46.208333333333336,4.7631578947368425,0,0,4,121,4,80,0,122,0.0
48e61eea1d377c4d45526410c486a81dc47a8c58.yml,437,0.568445475638051,0.004576659038901602,0.9466357308584686,0.013729977116704805,0.6194895591647331,6.181372549019608,0.47368421052631576,0.041379310344827586,5.135632183908046,0.9145496535796767,19.789473684210527,0.5870069605568445,0.05568445475638051,75.62857142857143,7.2105263157894735,13,6,6,193,12,531,103,211,1.0
be019a03ce7df11a748718fb63d47f35a8c297ec.yml,438,0.6157407407407407,0.0045662100456621,0.9444444444444444,0.0136986301369863,0.7152777777777778,6.688888888888889,0.5205479452054794,0.04357798165137615,5.128440366972477,0.9124423963133641,20.86986301369863,0.6342592592592593,0.05555555555555555,74.47222222222223,7.262557077625571,13,7,6,193,12,533,103,211,0.0
fc7fe736381ff7ef43a868597efb467388a4cc26.yml,61,1.048780487804878,0.03278688524590164,0.3902439024390244,0.29508196721311475,0.7804878048780488,10.0,0.6065573770491803,0.05084745762711865,2.135593220338983,0.37209302325581395,30.327868852459016,0.1951219512195122,0.43902439024390244,24.916666666666668,4.098360655737705,10,5,8,92,2,86,12,40,1.0
8af766f0d17f489173dde51edf8c3df670eca37d.yml,53,1.3414634146341464,0.018867924528301886,0.3902439024390244,0.20754716981132076,0.7804878048780488,10.0,0.9245283018867925,0.057692307692307696,2.423076923076923,0.38095238095238093,30.50943396226415,0.1951219512195122,0.43902439024390244,24.916666666666668,4.6415094339622645,10,6,8,113,2,110,12,40,0.0
05b95c4fbe08013151562387338bcb057bff1af0.yml,58,0.075,0.1724137931034483,0.775,0.15517241379310345,0.95,0,0.017241379310344827,0,2.3902439024390243,0.62,33.1551724137931,2.9,0,0,3.1372549019607843,0,1,6,182,34,84,0,0,1.0
197b6eeb2439eca9565d0eebf483ae278fcea509.yml,69,0.075,0.13043478260869565,0.775,0.2898550724637681,0.95,0,0.014492753623188406,0,2.575,0.6326530612244898,32.130434782608695,2.9,0,0,3.2653061224489797,0,1,6,182,34,84,0,0,0.0
b02a59d76913556ffa846c6a8a89dca2a42e4497.yml,59,0.15789473684210525,0.05084745762711865,0.631578947368421,0.3728813559322034,1.131578947368421,12.0,0.01694915254237288,0,2.95,0.5853658536585366,35.40677966101695,3.210526315789474,0,33.0,4.093023255813954,12,1,6,691,114,59,2,80,1.0
db528eff4bca245f389f0b7b68d66dd9852a3216.yml,58,0.13513513513513514,0.017241379310344827,0.6756756756756757,0.39655172413793105,1.135135135135135,0,0,0,4.390243902439025,0.6578947368421053,36.62068965517241,3.2432432432432434,0,33.888888888888886,5.904761904761905,0,0,10,691,114,59,0,80,0.0
8e0fed68a27470a1e050ba57491e9741c2cd1838.yml,32,0.20689655172413793,0,0.41379310344827586,0.09375,1.3793103448275863,0,0.1875,0.03125,1.5,0.3793103448275862,40.59375,3.0,0.13793103448275862,39.5,3.875,0,2,4,180,32,47,0,91,1.0
4552aec9705d25586b25ef3ac3234291e6d8dd76.yml,29,0.20689655172413793,0,0.41379310344827586,0,1.3793103448275863,0,0.20689655172413793,0.034482758620689655,0.6896551724137931,0.3793103448275862,42.758620689655174,3.0,0.13793103448275862,39.5,2.896551724137931,0,2,2,180,32,47,0,91,0.0
3929cdcfbd4cfd722735372967173c00aea0774b.yml,63,0.075,0.14285714285714285,0.85,0.2222222222222222,0.675,10.0,0.047619047619047616,0,1.934782608695652,0.6938775510204082,27.984126984126984,0.35,0.05,64.0,3.4363636363636365,10,1,4,128,2,86,3,139,1.0
4fd405da2e199a06ca5950af910b102a62d66b21.yml,63,0.21052631578947367,0.14285714285714285,0.8421052631578947,0.25396825396825395,0.6842105263157895,11.25,0.12698412698412698,0,1.8043478260869565,0.6808510638297872,29.841269841269842,0.34210526315789475,0.05263157894736842,71.5,3.309090909090909,12,2,4,128,2,86,5,139,0.0
3ee5bbf846730f1c49a6c94ebfc600ae2390bb78.yml,46,0,0.06521739130434782,0.9534883720930233,0,0.4186046511627907,0,0,0,5.162790697674419,0.8913043478260869,13.021739130434783,0.8372093023255814,0,57.0,6.086956521739131,0,0,8,52,2,53,0,60,1.0
a6bd36faaedc779f932fa76f52bab9550f0fcd6d.yml,47,0,0.0851063829787234,0.9534883720930233,0,0.4186046511627907,0,0,0,5.162790697674419,0.8723404255319149,12.74468085106383,0.8372093023255814,0,57.0,5.9787234042553195,0,0,8,52,2,53,0,60,0.0
cead1abf04bb508f3bdf96bce785cef273caf953.yml,20,0.2,0.2,0.6,0.05,1.5333333333333334,0,0,0,1.3125,0.47368421052631576,21.8,0.9333333333333333,0.5333333333333333,44.42857142857143,2.6,0,0,3,63,5,24,0,63,1.0
b167b1bf7bed4d217ef803766e565102a6d77c19.yml,23,0.16666666666666666,0.17391304347826086,0.5,0.043478260869565216,2.1666666666666665,0,0,0,1.4210526315789473,0.4090909090909091,25.217391304347824,0.8888888888888888,0.4444444444444444,46.9,3.3043478260869565,0,0,3,71,5,39,0,78,0.0
97b889e94d443e225b7217a98a15ff9f363eca66.yml,37,0.2,0.10810810810810811,0.36666666666666664,0.08108108108108109,3.6666666666666665,12.0,0.02702702702702703,0.030303030303030304,1.5151515151515151,0.29411764705882354,36.83783783783784,1.3333333333333333,0.26666666666666666,55.27272727272727,5.405405405405405,12,1,4,109,9,110,1,126,1.0
6a074415c3ec9b7a97c4d13f4e8ade2c4d6f028e.yml,37,0.2,0.10810810810810811,0.36666666666666664,0.08108108108108109,3.6666666666666665,12.0,0.02702702702702703,0.030303030303030304,1.5151515151515151,0.29411764705882354,36.83783783783784,1.3333333333333333,0.26666666666666666,55.27272727272727,5.45945945945946,12,1,4,109,9,110,1,126,0.0
30253ab1ac14759d221c3d2e6f247b1c2942f272.yml,29,0.041666666666666664,0.1724137931034483,0.6666666666666666,0.034482758620689655,0.6666666666666666,0,0,0,4.25,0.5517241379310345,11.10344827586207,0.4583333333333333,0,16.0,5.310344827586207,0,0,10,31,5,27,0,28,1.0
a907228372775a7a2e5e3867c235061688e8a87d.yml,29,0.041666666666666664,0.1724137931034483,0.6666666666666666,0.034482758620689655,0.6666666666666666,0,0,0,3.3333333333333335,0.5517241379310345,11.10344827586207,0.4583333333333333,0,16.0,4.551724137931035,0,0,8,31,5,27,0,28,0.0
24ff79144366d4536e3265fb85d28fbbd30f6308.yml,53,0.5681818181818182,0,0.45454545454545453,0.16981132075471697,2.0681818181818183,10.0,0.3018867924528302,0.22727272727272727,2.1363636363636362,0.4090909090909091,46.075471698113205,2.25,0.5,68.7,7.0,10,3,6,182,35,142,9,153,1.0
c29b88f181092daf11be3164cddcdc8b10cd2869.yml,53,0.5681818181818182,0,0.45454545454545453,0.16981132075471697,2.0681818181818183,10.0,0.3018867924528302,0.22727272727272727,2.1363636363636362,0.4090909090909091,46.075471698113205,2.25,0.5,68.7,7.045454545454546,10,3,6,182,35,142,9,153,0.0
bb9fd453d1579e7e99bc0cce56067e1982655e30.yml,71,0.0847457627118644,0.08450704225352113,0.711864406779661,0.08450704225352113,0.8813559322033898,0,0,0,2.774193548387097,0.6153846153846154,21.549295774647888,1.88135593220339,0.03389830508474576,34.1,3.7205882352941178,0,0,6,179,27,93,0,83,1.0
61fe187cbda6bccce8ce1ef844ad1c69ce73b12a.yml,60,0.0847457627118644,0,0.711864406779661,0.016666666666666666,0.8813559322033898,0,0,0,2.6,0.6779661016949152,24.2,1.9152542372881356,0.03389830508474576,34.1,3.85,0,0,6,179,27,93,0,83,0.0
657b41710d66a1e77424ebe1cbba1d8ecde71c76.yml,13,0.2,0.23076923076923078,0.6,0.07692307692307693,0.4,3.0,0.15384615384615385,0,1.2,0.46153846153846156,9.384615384615385,0,0,0,1.6153846153846154,3,1,4,28,0,11,3,0,1.0
2634db2ce707e1a7b19a4fcfe23a64203b3b5023.yml,13,0.2,0.23076923076923078,0.6,0.07692307692307693,0.4,3.0,0.15384615384615385,0,1.0,0.46153846153846156,9.384615384615385,0,0,0,1.4615384615384615,3,1,2,28,0,11,3,0,0.0
660ce8687ccc77796e4a5c9d01b7ab0410af448f.yml,16,0,0,0.625,0,0.4375,0,0,0,1.625,0.625,10.0,0.25,0,14.0,2.3125,0,0,4,18,2,15,0,14,1.0
21e54de4838d5e8a858dda55085426ada5085d8e.yml,17,0,0,0.5882352941176471,0,0.7058823529411765,0,0,0,1.6470588235294117,0.5882352941176471,11.058823529411764,0.7647058823529411,0,19.5,2.5294117647058822,0,0,4,31,9,16,0,35,0.0
878e2e8046978cfdcfc506c0903ba3dc491fb2e6.yml,42,0.3793103448275862,0.19047619047619047,0.4827586206896552,0.19047619047619047,1.3793103448275863,14.0,0.047619047619047616,0.23529411764705882,1.2352941176470589,0.3783783783783784,31.142857142857142,1.4482758620689655,0.6896551724137931,77.0,4.380952380952381,14,1,4,182,20,61,1,114,1.0
5e49793ae6a41e4961a5d2be57b6368a72227cdb.yml,43,0.36666666666666664,0.18604651162790697,0.4666666666666667,0.18604651162790697,1.6,14.0,0.046511627906976744,0.22857142857142856,1.2571428571428571,0.3684210526315789,31.0,1.4,0.6666666666666666,73.9090909090909,4.372093023255814,14,1,4,182,20,62,1,114,0.0
f7591abaf293bccda3645f187897ed68a304be91.yml,23,0,0.17391304347826086,0.5789473684210527,0,0.631578947368421,0,0,0,1.368421052631579,0.4782608695652174,11.478260869565217,0.3157894736842105,0,23.5,2.1739130434782608,0,0,4,33,2,22,0,35,1.0
282ac5531a016d83a8f3b727b4e4d48df65a7ed3.yml,19,0,0.15789473684210525,0.5,0,0.6875,0,0,0,1.375,0.42105263157894735,12.052631578947368,0.25,0,23.5,2.3157894736842106,0,0,4,33,2,21,0,35,0.0
c2fe28881b1a4ee6466907346e47278bfb74698d.yml,75,0.78125,0.12,0.5625,0.02666666666666667,2.4375,10.0,0.16,0.22727272727272727,2.3636363636363638,0.4931506849315068,39.306666666666665,1.59375,2.03125,142.06666666666666,6.16,10,1,8,346,44,182,23,376,1.0
ad4798a3dd46d434b42ac08958a1a655d63215a9.yml,87,0.7384615384615385,0.11494252873563218,0.6153846153846154,0.13793103448275862,2.3076923076923075,10.0,0.16091954022988506,0.17647058823529413,2.0,0.5333333333333333,34.87356321839081,1.5384615384615385,1.6615384615384616,163.33333333333334,5.435897435897436,10,1,6,346,44,169,23,376,0.0
f923216614cf7010f7dff512e5766b3650ceff94.yml,92,0.18309859154929578,0.11956521739130435,0.676056338028169,0.11956521739130435,1.056338028169014,4.5,0.043478260869565216,0,3.8607594936708862,0.5609756097560976,22.25,1.4647887323943662,0,33.47826086956522,5.233333333333333,5,1,7,182,33,80,3,73,1.0
8973b4a0fc66734aaf85f710f703ad88cffe79f7.yml,107,0.24390243902439024,0.12149532710280374,0.5975609756097561,0.12149532710280374,1.146341463414634,4.5,0.037383177570093455,0,3.8333333333333335,0.5052631578947369,25.411214953271028,1.2804878048780488,0.0975609756097561,41.333333333333336,5.504854368932039,5,1,7,182,33,117,3,148,0.0
96530629be5673b60813181068965c364f440a86.yml,32,0.0625,0,0.53125,0,0.4375,58.75,0.0625,0,6.9375,0.5,31.5625,3.4375,0.0625,0,7.59375,68,1,14,68,16,35,1,0,1.0
7a85a0330b701e0b9bea77107f8bdb50983469a8.yml,34,0.058823529411764705,0,0.5,0,0.47058823529411764,58.75,0.058823529411764705,0,6.764705882352941,0.5,29.764705882352942,3.235294117647059,0.058823529411764705,27.5,7.382352941176471,68,1,14,68,16,35,1,39,0.0
fe225dcc9ae4c38e3bf2aa5432c726ebc5d63cb5.yml,44,0.2,0.20454545454545456,0.6857142857142857,0,0.8571428571428571,12.666666666666666,0.09090909090909091,0.02857142857142857,1.9428571428571428,0.5454545454545454,19.977272727272727,1.7714285714285714,0.17142857142857143,53.333333333333336,2.409090909090909,14,3,6,179,29,58,2,77,1.0
2aff8b89f0bbacaa87c3251e7b1295491d6bdcd1.yml,20,0.1,0,0.65,0,1.1,0,0,0,1.0,0.65,31.6,2.9,0,33.0,2.0,0,0,6,179,29,37,0,55,0.0
34652dc563b9f5f246426cd9e6c92dba61a356cc.yml,75,0.13333333333333333,0.13333333333333333,0.9333333333333333,0.26666666666666666,1.6444444444444444,21.333333333333332,0.04,0.04,1.64,0.5454545454545454,23.56,1.0444444444444445,1.0666666666666667,40.84375,4.0,22,1,4,91,3,86,8,69,1.0
bd05fae22f2e91267e3e16d2dea19d3e695630dc.yml,78,0.06976744186046512,0.15384615384615385,0.9767441860465116,0.2948717948717949,1.5813953488372092,21.333333333333332,0.038461538461538464,0,1.5294117647058822,0.5454545454545454,24.025641025641026,1.0465116279069768,0.8837209302325582,39.4,3.365079365079365,22,1,4,91,3,79,8,60,0.0
92dcc0cec698a72d7cffe1b2863bd62523edfe97.yml,85,0.15384615384615385,0.16470588235294117,1.0,0.5294117647058824,1.3846153846153846,21.333333333333332,0.03529411764705882,0.017857142857142856,0.7857142857142857,0.25,22.83529411764706,1.8846153846153846,0.38461538461538464,28.307692307692307,2.642857142857143,22,1,4,91,21,53,8,69,1.0
5a3b90dadd9209fd08418c126447e8a6840eb64a.yml,82,0.21428571428571427,0.14634146341463414,0.9285714285714286,0.5121951219512195,1.4285714285714286,21.333333333333332,0.036585365853658534,0.03636363636363636,0.8727272727272727,0.25,23.9390243902439,1.7857142857142858,0.5714285714285714,29.666666666666668,2.985074626865672,22,1,4,91,21,58,8,69,0.0
35714904140439732a684d9e7ec9df016bdda05d.yml,57,0.13636363636363635,0.17543859649122806,0.6363636363636364,0.07017543859649122,0.5909090909090909,18.0,0.017543859649122806,0.08888888888888889,1.7333333333333334,0.5,15.280701754385966,0.6136363636363636,0.5454545454545454,36.84615384615385,3.2363636363636363,18,1,6,87,4,54,3,104,1.0
f219bfa89af61f5d2c0a115174669402240e42ca.yml,52,0.13636363636363635,0.09615384615384616,0.6363636363636364,0.07692307692307693,0.5909090909090909,18.0,0.019230769230769232,0.08888888888888889,1.7333333333333334,0.5510204081632653,16.98076923076923,0.6136363636363636,0.5454545454545454,36.84615384615385,3.56,18,1,6,87,4,54,3,104,0.0
c1f21fa47a82ece36c1882c72a1e0200d0c1a9e2.yml,93,0.08695652173913043,0.17204301075268819,0.37681159420289856,0.08602150537634409,1.2173913043478262,13.5,0.021505376344086023,0.012987012987012988,2.7012987012987013,0.3058823529411765,19.774193548387096,0.5797101449275363,0.2608695652173913,40.0625,4.268817204301075,15,1,8,97,12,103,2,98,1.0
32b32c13004908300efce25cefc3837c21d7659b.yml,72,0.08196721311475409,0.1388888888888889,0.4262295081967213,0.013888888888888888,1.3278688524590163,0,0,0.06557377049180328,2.262295081967213,0.36619718309859156,25.666666666666668,0.6229508196721312,0.26229508196721313,66.1304347826087,4.52112676056338,0,0,6,248,12,100,0,275,0.0
1cdf8292eb651843342318f68f843ae5ff9af28b.yml,138,0.19834710743801653,0.10869565217391304,0.4049586776859504,0.014492753623188406,1.1322314049586777,13.0,0.10144927536231885,0,4.5528455284552845,0.34558823529411764,18.68840579710145,0.512396694214876,0.4793388429752066,34.45652173913044,5.586956521739131,22,1,14,104,6,156,5,114,1.0
9c3a8052224ca87b749c0b95788a503407383245.yml,140,0.22950819672131148,0.11428571428571428,0.4016393442622951,0.014285714285714285,1.1229508196721312,13.0,0.1,0.008064516129032258,4.5,0.34057971014492755,18.542857142857144,0.48360655737704916,0.45901639344262296,34.234042553191486,5.542857142857143,22,1,14,108,6,156,5,122,0.0
eb101bfc995ae216ed0f87df17f47a39cad8dd80.yml,6,0,0,0.5,0,0.5,0,0,0,1.0,0.5,8.166666666666666,1.0,0,0,2.0,0,0,2,21,2,5,0,0,1.0
8edfb697f41cac5242044120a8cf65860e007f5c.yml,6,0,0,0.5,0,0.5,0,0,0,1.0,0.5,8.166666666666666,1.0,0,0,2.0,0,0,2,21,2,5,0,0,0.0
49f245af1904c4bafe3e9a8a24dda150975982d1.yml,16,0.0625,0,0.5625,0,0.9375,0,0,0.0625,1.625,0.5625,14.6875,1.375,0.25,51.666666666666664,3.6875,0,0,4,85,10,18,0,97,1.0
80438d21ab49c13bebbcf671a3f7b42592826687.yml,18,0.05555555555555555,0,0.5,0,0.8333333333333334,0,0,0.05555555555555555,2.0,0.5,13.0,1.2222222222222223,0.2222222222222222,30.4,3.7222222222222223,0,0,6,42,10,18,0,47,0.0
a2dd9489d8a2253072f3a57090f7ff9383642120.yml,71,0.22,0.11267605633802817,0.34,0.2535211267605634,0.72,4.0,0.056338028169014086,0.08064516129032258,2.225806451612903,0.29310344827586204,28.591549295774648,0.78,0.48,37.111111111111114,3.9714285714285715,4,1,6,182,22,98,8,112,1.0
66044af055a680ff5fa2b4d29be16ac11e83438c.yml,63,0.45,0.15873015873015872,0.425,0.20634920634920634,1.075,4.0,0.06349206349206349,0.19230769230769232,1.1923076923076923,0.34,32.57142857142857,0.975,1.1,71.41176470588235,3.661290322580645,4,1,4,182,22,98,13,146,0.0
608dbd0f7f4bfa7800a4c05e59eef2ea3578faa3.yml,26,0.2,0.23076923076923078,0.55,0,1.45,0,0,0.1,1.85,0.34615384615384615,15.807692307692308,1.0,0.4,57.833333333333336,3.423076923076923,0,0,4,92,4,29,0,103,1.0
af1b632a115b41d4d28404bb9968797228c355cc.yml,26,0.2,0.23076923076923078,0.55,0,1.45,0,0,0.1,1.85,0.34615384615384615,15.807692307692308,1.0,0.4,57.833333333333336,3.5,0,0,4,92,4,29,0,103,0.0
5d6f6f56a2a0f72a67c2d3f96eb61986cf821a1e.yml,61,0.2978723404255319,0.16393442622950818,0.5531914893617021,0.08196721311475409,1.148936170212766,6.142857142857143,0.11475409836065574,0.1276595744680851,3.9148936170212765,0.45614035087719296,19.737704918032787,0.19148936170212766,0.46808510638297873,75.7,5.333333333333333,25,3,10,126,2,71,6,137,1.0
18b812b1b905a53c185b3572541b3e90c08b669f.yml,61,0.2978723404255319,0.16393442622950818,0.5531914893617021,0.08196721311475409,1.148936170212766,6.142857142857143,0.11475409836065574,0.1276595744680851,3.7872340425531914,0.45614035087719296,19.737704918032787,0.19148936170212766,0.46808510638297873,75.7,5.228070175438597,25,3,10,126,2,71,6,137,0.0
b4f3985508892e0939e9e94a4c3e047c95246dbc.yml,124,0.66,0.07258064516129033,0.64,0.14516129032258066,1.43,5.931034482758621,0.23387096774193547,0.04854368932038835,3.5533980582524274,0.5871559633027523,33.42741935483871,0.68,0.28,44.629629629629626,5.758928571428571,12,3,6,205,5,337,14,119,1.0
865407561d57024507f5fadf0611ac50985e7539.yml,132,0.6055045871559633,0.06818181818181818,0.5871559633027523,0.12878787878787878,1.4128440366972477,5.931034482758621,0.2196969696969697,0.04424778761061947,3.398230088495575,0.5423728813559322,32.09090909090909,0.6330275229357798,0.3302752293577982,36.72222222222222,5.60655737704918,12,3,6,205,5,345,14,119,0.0
24ff79144366d4536e3265fb85d28fbbd30f6308.yml,53,0.5681818181818182,0,0.45454545454545453,0.16981132075471697,2.0681818181818183,10.0,0.3018867924528302,0.22727272727272727,2.1363636363636362,0.4090909090909091,46.075471698113205,2.25,0.5,68.7,7.0,10,3,6,182,35,142,9,153,1.0
c29b88f181092daf11be3164cddcdc8b10cd2869.yml,53,0.5681818181818182,0,0.45454545454545453,0.16981132075471697,2.0681818181818183,10.0,0.3018867924528302,0.22727272727272727,2.1363636363636362,0.4090909090909091,46.075471698113205,2.25,0.5,68.7,7.045454545454546,10,3,6,182,35,142,9,153,0.0
c08b76d295844e36369eaae825ee76713a21a200.yml,81,0.13559322033898305,0.1728395061728395,0.6949152542372882,0.09876543209876543,0.9491525423728814,14.0,0.07407407407407407,0.015873015873015872,3.253968253968254,0.547945205479452,32.98765432098765,4.101694915254237,0.4067796610169492,42.857142857142854,4.181818181818182,14,1,8,694,110,102,6,137,1.0
5d3cdb5e7be2eb909c546f407b10523a4a8387ee.yml,79,0.14035087719298245,0.17721518987341772,0.7192982456140351,0.10126582278481013,0.6842105263157895,14.0,0.0759493670886076,0.01639344262295082,3.2950819672131146,0.5633802816901409,31.68354430379747,4.12280701754386,0.17543859649122806,32.666666666666664,4.1066666666666665,14,1,8,694,110,96,5,96,0.0
53dd843d7388fdc8ccd965ccbf12a8e44e2d35f2.yml,75,1.1363636363636365,0.17333333333333334,0.5681818181818182,0.25333333333333335,1.3409090909090908,11.0,0.4,0.16129032258064516,3.629032258064516,0.43859649122807015,42.026666666666664,1.6818181818181819,0.9090909090909091,82.4375,7.1866666666666665,13,3,10,161,7,88,12,187,1.0
b1b9c80555087d5af8b57d75d176a413ed140171.yml,75,1.1363636363636365,0.17333333333333334,0.5681818181818182,0.25333333333333335,1.3409090909090908,11.0,0.4,0.16129032258064516,3.4193548387096775,0.43859649122807015,42.026666666666664,1.6818181818181819,0.9090909090909091,82.4375,6.88,13,3,10,161,7,88,12,187,0.0
3825f615bac593eab51335f7fe5a6c08a26d79a7.yml,80,1.0816326530612246,0.175,0.5918367346938775,0.225,1.2653061224489797,11.0,0.4125,0.15151515151515152,4.015151515151516,0.4603174603174603,39.1625,1.7346938775510203,0.8163265306122449,82.4375,7.4125,13,3,10,161,7,93,16,187,1.0
53dd843d7388fdc8ccd965ccbf12a8e44e2d35f2.yml,75,1.1363636363636365,0.17333333333333334,0.5681818181818182,0.25333333333333335,1.3409090909090908,11.0,0.4,0.16129032258064516,3.629032258064516,0.43859649122807015,42.026666666666664,1.6818181818181819,0.9090909090909091,82.4375,7.1866666666666665,13,3,10,161,7,88,12,187,1.0
38d4655cb6271c02ca7a92aa14302af83d8195c4.yml,202,0.4672131147540984,0.1782178217821782,0.5819672131147541,0.21782178217821782,0.7540983606557377,9.08108108108108,0.18316831683168316,0.025157232704402517,6.150943396226415,0.4430379746835443,20.133663366336634,0.28688524590163933,0.08196721311475409,29.0,7.225641025641026,18,2,22,80,7,150,13,83,1.0
6d33347f290846d81267df9d658290a163253e4a.yml,200,0.45081967213114754,0.18,0.5819672131147541,0.21,0.7540983606557377,9.08108108108108,0.185,0.025477707006369428,6.229299363057325,0.4430379746835443,19.915,0.28688524590163933,0.08196721311475409,29.5,7.186528497409326,18,2,22,80,7,151,12,83,0.0
6da5b3a58761b53a1457b8c4f0a10e52aed470b6.yml,54,0.20512820512820512,0,0.15384615384615385,0.2962962962962963,1.5384615384615385,5.5,0.07407407407407407,0.041666666666666664,4.145833333333333,0.15384615384615385,31.425925925925927,0.41025641025641024,0.41025641025641024,32.06060606060606,7.541666666666667,6,2,12,100,3,89,12,107,1.0
b4a0f27290e732276c0d6f4a7b56cb93e09f34d9.yml,54,0.3333333333333333,0,0.15384615384615385,0.2962962962962963,1.6923076923076923,6.0,0.16666666666666666,0.041666666666666664,3.875,0.15384615384615385,33.2037037037037,0.48717948717948717,0.41025641025641024,32.27272727272727,7.4375,12,5,12,114,5,91,12,123,0.0
0ad61ae76b121344ccd2ad4bbf4af4e4b5b8f70e.yml,125,0.35964912280701755,0.048,0.8859649122807017,0.04,0.9122807017543859,6.0,0.328,0,4.722689075630252,0.8416666666666667,15.496,1.6842105263157894,0,16.0,5.8,6,1,8,47,5,120,41,36,1.0
ee1c7b9518a9e8f8a4c873d61a21ac7d37d46bea.yml,120,0.35964912280701755,0.05,0.8859649122807017,0,0.9122807017543859,6.0,0.3416666666666667,0,4.9298245614035086,0.8416666666666667,14.725,1.6842105263157894,0,16.0,5.875,6,1,8,33,5,120,41,36,0.0
902bc6dc8df90d1350f0ebfef396378c11f469e3.yml,61,0.12,0.18032786885245902,1.58,0,0.66,0,0,0,2.88,0.7868852459016393,26.688524590163933,2.46,2.28,25.5,5.491803278688525,0,0,4,67,9,111,0,27,1.0
1253e4aba21da261b91d2c18a52cc39232a973ae.yml,54,0.8372093023255814,0.2037037037037037,1.2325581395348837,0,0.5581395348837209,13.0,0.8888888888888888,0,2.4186046511627906,0.7037037037037037,26.666666666666668,0.9767441860465116,0,25.5,3.0555555555555554,14,4,6,78,3,72,18,27,0.0
4823cc900c4b3f8f498db6731d68275f60ecbd4d.yml,16,0.3125,0,0.5,0,0.6875,7.0,0.3125,0,1.125,0.5,12.0,0.625,0,15.333333333333334,2.25,7,1,2,15,2,15,6,16,1.0
fb57ec4269f5a7511e0245bafd575641dea901f4.yml,19,0.42105263157894735,0,0.42105263157894735,0,0.7368421052631579,7.0,0.42105263157894735,0,1.263157894736842,0.42105263157894735,15.947368421052632,1.5789473684210527,0,15.333333333333334,2.3684210526315788,7,1,2,22,4,25,9,16,0.0
a01fb67c87e11f942adacff036be73d39ecca587.yml,73,0.09230769230769231,0.1095890410958904,0.7230769230769231,0.0684931506849315,0.7692307692307693,3.0,0.0547945205479452,0.015384615384615385,4.892307692307693,0.6301369863013698,18.89041095890411,0.7538461538461538,0.06153846153846154,22.8,6.63013698630137,4,3,10,66,6,86,2,36,1.0
c6eab97f64e00bed82e0189f0c7049a68e3932cf.yml,66,0.09230769230769231,0.015151515151515152,0.7230769230769231,0.07575757575757576,0.7692307692307693,3.0,0.06060606060606061,0.015384615384615385,4.892307692307693,0.696969696969697,20.893939393939394,0.7538461538461538,0.06153846153846154,22.8,7.333333333333333,4,3,10,66,6,86,2,36,0.0
1b9748e5ceb6dabc62a8bd05e094143c352bdce2.yml,73,0.09230769230769231,0.1095890410958904,0.7230769230769231,0.0684931506849315,0.7692307692307693,3.0,0.0547945205479452,0.015384615384615385,4.892307692307693,0.6301369863013698,18.89041095890411,0.7538461538461538,0.06153846153846154,22.8,6.63013698630137,4,3,10,66,6,86,2,36,1.0
8004ef59afc84d91a9cbc9e2516b206ebaf2d4f4.yml,66,0.09230769230769231,0.015151515151515152,0.7230769230769231,0.07575757575757576,0.7692307692307693,3.0,0.06060606060606061,0.015384615384615385,4.892307692307693,0.696969696969697,20.893939393939394,0.7538461538461538,0.06153846153846154,22.8,7.333333333333333,4,3,10,66,6,86,2,36,0.0
faf70b6295afc2891a43ab4269c779da66f686c5.yml,9,0.1111111111111111,0,0.6666666666666666,0,1.8888888888888888,0,0,0,1.1111111111111112,0.6666666666666666,28.666666666666668,1.6666666666666667,0.2222222222222222,43.6,2.888888888888889,0,0,2,81,5,25,0,82,1.0
9929c1618d30b86719a51fe59c844c51a4cb4753.yml,7,0.14285714285714285,0,0.8571428571428571,0,2.142857142857143,0,0,0,0.8571428571428571,0.7142857142857143,35.714285714285715,2.142857142857143,0.2857142857142857,51.0,3.0,0,0,2,81,5,24,0,82,0.0
e005451ef60fb4ffe666c3a61e8d2c98350d1f61.yml,51,0.07317073170731707,0.058823529411764705,0.5365853658536586,0.1568627450980392,1.146341463414634,7.0,0.0392156862745098,0,2.75,0.4772727272727273,34.03921568627451,3.073170731707317,0.14634146341463414,84.66666666666667,4.0588235294117645,7,2,6,691,100,52,1,169,1.0
f7beddf859b592748e4b1dfb24a5f7837ac3db71.yml,48,0.07317073170731707,0.020833333333333332,0.5365853658536586,0.14583333333333334,1.146341463414634,7.0,0.041666666666666664,0,2.8085106382978724,0.5,35.520833333333336,3.073170731707317,0.14634146341463414,84.66666666666667,4.354166666666667,7,2,6,691,100,52,1,169,0.0
5d28f26bb3b2a4fa7adc0808be54d49a70b1589b.yml,201,0.3575418994413408,0.05472636815920398,0.43575418994413406,0.07462686567164178,1.1284916201117319,10.108108108108109,0.373134328358209,0.005405405405405406,5.6378378378378375,0.4052631578947368,18.218905472636816,0.659217877094972,0.0223463687150838,23.677419354838708,6.566326530612245,21,1,10,182,31,202,14,83,1.0
9d3554c26aa85d66cbfe6f481464f1a357af5e12.yml,220,0.4292929292929293,0.05,0.3939393939393939,0.06818181818181818,1.106060606060606,9.989473684210527,0.43636363636363634,0,5.995,0.3684210526315789,18.26818181818182,0.696969696969697,0.010101010101010102,22.689655172413794,6.829383886255924,21,1,10,182,31,219,14,76,0.0
c7c06583df9d6337de02f7ea325d6448ebcc1096.yml,464,0.06521739130434782,0.03879310344827586,0.5652173913043478,0.17025862068965517,1.25,7.777777777777778,0.05172413793103448,0,6.1045454545454545,0.5310880829015544,25.599137931034484,1.3315217391304348,0.18478260869565216,41.80821917808219,7.941048034934497,28,2,12,180,31,460,25,83,1.0
7ad822ab839440d225e73da4a2a2f65bd7a42a01.yml,460,0.0653950953678474,0.0391304347826087,0.5640326975476839,0.16304347826086957,1.2561307901907357,7.777777777777778,0.05217391304347826,0,6.151376146788991,0.5298701298701298,25.202173913043477,1.335149863760218,0.18528610354223432,41.80821917808219,7.973568281938326,28,2,12,180,31,461,25,83,0.0
8d755d075243e975500de248d86bf9ad29b698fa.yml,1166,0.16666666666666666,0.12006861063464837,0.6155555555555555,0.10806174957118353,0.9344444444444444,16.994444444444444,0.09862778730703259,0.007368421052631579,4.143157894736842,0.5240384615384616,26.771012006861064,1.4077777777777778,0.29777777777777775,36.166666666666664,5.236697247706422,42,2,26,181,30,1424,70,101,1.0
e552f15f9bb9581129b07ece1026bfa443f4f17f.yml,1133,0.1732283464566929,0.1147396293027361,0.6197975253093363,0.10150044130626655,0.9505061867266592,16.886486486486486,0.10414827890556046,0.006355932203389831,4.15042372881356,0.5309126594700687,27.376875551632832,1.4105736782902136,0.3172103487064117,41.34814814814815,5.315642458100559,42,2,26,181,30,1420,70,141,0.0
c9159754757765e10ea4b46f9348bd6e6c9c6e13.yml,106,0.47674418604651164,0.10377358490566038,0.7325581395348837,0.09433962264150944,0.6744186046511628,6.548387096774194,0.29245283018867924,0.021052631578947368,3.0736842105263156,0.6391752577319587,19.11320754716981,0.8023255813953488,0.13953488372093023,25.761904761904763,4.1415094339622645,11,2,10,64,5,102,23,70,1.0
ca1842f2a0971ffef06b8ea699f4b42e55d142a8.yml,109,0.4772727272727273,0.11009174311926606,0.7386363636363636,0.09174311926605505,0.6704545454545454,6.53125,0.29357798165137616,0.020618556701030927,3.0721649484536084,0.64,18.862385321100916,0.8068181818181818,0.13636363636363635,25.761904761904763,4.165137614678899,11,2,10,64,5,104,24,70,0.0
f25492d74f13d1f6a87ebbe0b9ad5f7223715b95.yml,27,0.05263157894736842,0.2962962962962963,0.631578947368421,0,0.5789473684210527,7.0,0.037037037037037035,0,1.263157894736842,0.4444444444444444,8.592592592592593,0.21052631578947367,0,15.8,1.5925925925925926,7,1,4,23,2,20,2,23,1.0
5b5ad0e4fc97f540fdbda459adaa1ccc68cf6712.yml,29,0.05263157894736842,0.3103448275862069,0.631578947368421,0.034482758620689655,0.5789473684210527,7.0,0.034482758620689655,0,1.6842105263157894,0.42857142857142855,9.551724137931034,0.21052631578947367,0,15.8,1.8214285714285714,7,1,4,45,2,20,2,23,0.0
2489d278a696354d0ee68b7d74eb490dd9de2ac1.yml,185,0.02727272727272727,0.13513513513513514,0.6272727272727273,0.2702702702702703,1.0818181818181818,0,0,0.006535947712418301,3.6470588235294117,0.5111111111111111,22.205405405405404,0.37272727272727274,0.01818181818181818,31.24,5.449438202247191,0,0,14,105,4,167,0,101,1.0
46286a1f455d8e0837f7c2b9e1bbdff1ef858f0f.yml,188,0.06140350877192982,0.14361702127659576,0.5877192982456141,0.25,1.0,0,0,0.01948051948051948,3.792207792207792,0.475177304964539,21.50531914893617,0.39473684210526316,0.08771929824561403,30.967741935483872,5.254143646408839,0,0,16,105,4,177,0,101,0.0
72025dbad1e02a01fefad1be7df5c843c1c98983.yml,52,0.55,0.15384615384615385,1.0,0.09615384615384616,0.4,6.0,0.40384615384615385,0,6.454545454545454,0.8333333333333334,19.76923076923077,1.75,0,0,7.038461538461538,6,3,10,182,21,48,15,0,1.0
8e3eaec559b46119ae80472d9a6ea837e75d6de9.yml,33,0.88,0.12121212121212122,0.4,0.12121212121212122,0.64,6.0,0.6363636363636364,0,1.7241379310344827,0.3448275862068966,23.484848484848484,1.76,0,0,3.090909090909091,6,3,6,182,21,24,15,0,0.0
0c288dee3d71baa4e90f03f9900cec659dd87300.yml,99,0.2835820895522388,0.2222222222222222,0.1791044776119403,0.10101010101010101,1.4328358208955223,10.0,0.010101010101010102,0.10810810810810811,4.391891891891892,0.10112359550561797,24.03030303030303,0.5373134328358209,0.5074626865671642,36.407407407407405,6.09375,10,1,12,84,3,155,3,94,1.0
85711410b056291742853e70417931fd6ebf83ee.yml,107,0.2602739726027397,0.19626168224299065,0.1780821917808219,0.12149532710280374,1.3972602739726028,10.0,0.009345794392523364,0.10843373493975904,5.024096385542169,0.09574468085106383,24.66355140186916,0.6575342465753424,0.4931506849315068,36.233333333333334,6.798076923076923,10,1,22,84,6,170,4,94,0.0
f5d3fa22405b23701a8ee192188bbffb6f11e33f.yml,140,0.14516129032258066,0.05714285714285714,0.13709677419354838,0.05714285714285714,1.217741935483871,8.5,0.04285714285714286,0.05303030303030303,8.5,0.12878787878787878,16.9,0.967741935483871,0.20967741935483872,21.047619047619047,10.17142857142857,15,2,16,110,23,165,4,115,1.0
c8b674a18bf1462a1cb6c61e744a46bb730623ac.yml,70,0.48148148148148145,0.11428571428571428,0.37037037037037035,0.12857142857142856,2.7962962962962963,8.5,0.14285714285714285,0.12903225806451613,3.2903225806451615,0.3225806451612903,35.6,2.388888888888889,0.5555555555555556,68.84848484848484,7.485714285714286,15,2,10,211,23,185,7,241,0.0
c8090b96c73b752cafee3082739840d056f4c03b.yml,63,0.1282051282051282,0.1746031746031746,0.28205128205128205,0.23809523809523808,1.3333333333333333,14.0,0.031746031746031744,0,1.44,0.22,27.523809523809526,0.48717948717948717,0,39.88461538461539,2.8524590163934427,14,1,4,94,8,94,3,73,1.0
e5fc886087d583c6f3faa94ccba681bd579772a3.yml,63,0.1282051282051282,0.1746031746031746,0.28205128205128205,0.23809523809523808,1.3333333333333333,14.0,0.031746031746031744,0,1.44,0.22,27.49206349206349,0.48717948717948717,0,39.80769230769231,2.819672131147541,14,1,4,94,8,94,3,73,0.0
67d47584169098cc91a5ed5a45c5b8c75f59d981.yml,49,0.23684210526315788,0.02040816326530612,0.21052631578947367,0.20408163265306123,1.631578947368421,5.5,0.08163265306122448,0.047619047619047616,4.333333333333333,0.20512820512820512,33.97959183673469,0.7894736842105263,0.5789473684210527,38.62068965517241,7.348837209302325,6,2,9,124,6,96,11,129,1.0
6a490368e804f6aa9975b5e2f265d71a90bb128f.yml,45,0.2647058823529412,0.022222222222222223,0.20588235294117646,0.2222222222222222,1.2647058823529411,5.5,0.08888888888888889,0.05263157894736842,4.5,0.2,31.555555555555557,0.7058823529411765,0.5294117647058824,34.56,7.461538461538462,6,2,9,121,4,80,9,125,0.0
9322371742c37359aa6e7d1968905fb6af0ea592.yml,56,0.24074074074074073,0,0.7037037037037037,0.03571428571428571,0.7592592592592593,12.833333333333334,0.21428571428571427,0,2.709090909090909,0.6481481481481481,18.910714285714285,0.4074074074074074,0.07407407407407407,22.375,3.9272727272727272,22,1,6,70,3,55,9,32,1.0
f833f68bfd4ef185aacd955b320b5e5ad84ea9b0.yml,54,0.21153846153846154,0,0.6153846153846154,0.037037037037037035,0.7884615384615384,13.4,0.18518518518518517,0,2.3207547169811322,0.5576923076923077,18.185185185185187,0.34615384615384615,0.07692307692307693,22.375,3.4339622641509435,22,1,6,70,3,51,7,32,0.0
fa18167a3b7ff9a97161eb365e22b2aa92b256ba.yml,25,0.11764705882352941,0.16,0.5294117647058824,0.16,1.411764705882353,2.0,0.04,0,2.4761904761904763,0.42857142857142855,22.6,0.6470588235294118,0,36.9,4.08,2,1,16,57,3,33,1,61,1.0
db289e01c122669c5881652ca6bc3ef17c5e5cf7.yml,23,0.11764705882352941,0.17391304347826086,0.5294117647058824,0.08695652173913043,1.411764705882353,2.0,0.043478260869565216,0,2.736842105263158,0.42857142857142855,21.956521739130434,0.6470588235294118,0,36.9,4.260869565217392,2,1,16,57,3,33,1,61,0.0
24e05d0718964df54c0d44115cc221fa2750bda8.yml,56,0.1891891891891892,0.25,0.4594594594594595,0.08928571428571429,1.1081081081081081,0,0,0,2.380952380952381,0.3333333333333333,17.339285714285715,1.4864864864864864,0,26.0,3.2142857142857144,0,0,16,180,29,51,0,52,1.0
0bbedadf1ef26f151914cfc570f9d715d66c04cc.yml,50,0.1935483870967742,0.18,0.3870967741935484,0.2,1.1290322580645162,0,0,0,2.1463414634146343,0.3,18.5,0.8387096774193549,0,26.529411764705884,3.36,0,0,16,54,5,40,0,52,0.0
a45b4b4ecaad9e62d01e2bc162212e178dedd47c.yml,23,0,0.17391304347826086,0.7894736842105263,0,0.6842105263157895,0,0,0,2.0,0.6086956521739131,14.91304347826087,1.736842105263158,0.10526315789473684,27.0,2.4347826086956523,0,0,4,97,19,29,0,27,1.0
03991a3d81aa51ef234e626b5a44b87219e5b536.yml,22,0,0.045454545454545456,0.7619047619047619,0,0.6666666666666666,0,0,0,1.9047619047619047,0.6818181818181818,17.0,1.5714285714285714,0.09523809523809523,21.0,2.6818181818181817,0,0,4,97,19,32,0,27,0.0
b5d99b2e71a7c1ec0041ade31aca60942777a662.yml,69,0.203125,0.043478260869565216,0.796875,0.028985507246376812,1.046875,9.5,0.057971014492753624,0,4.8125,0.7611940298507462,19.202898550724637,0.921875,0,0,6.17910447761194,10,2,8,180,25,84,1,0,1.0
2d763f74b65ecc4c477fa5d1ea81ff28d15cbbbc.yml,63,0.22413793103448276,0.047619047619047616,0.7758620689655172,0.031746031746031744,1.1206896551724137,9.5,0.06349206349206349,0,4.724137931034483,0.7377049180327869,18.333333333333332,0.8793103448275862,0,0,5.721311475409836,10,2,8,180,25,79,1,0,0.0
6ab4c63211ccc9b4632be931c1c09b294c0e8b7d.yml,24,0,0.125,0.4,0.25,1.4666666666666666,0,0,0,0.9523809523809523,0.2777777777777778,27.416666666666668,0.26666666666666666,0.4,30.7,3.0416666666666665,0,0,2,88,2,30,0,91,1.0
4dcde0c4a220765e12e3fdd1fb89307b906e9332.yml,10,0,0,0.5,0,1.7,0,0,0,1.0,0.5,19.1,0.2,0,27.4,3.2,0,0,2,38,2,17,0,42,0.0
3715a101c20127059d305bc8cd5fe10d6da22733.yml,73,0.47540983606557374,0.1095890410958904,0.9016393442622951,0.0547945205479452,1.3934426229508197,0,0,0,2.246153846153846,0.5217391304347826,26.602739726027398,2.4918032786885247,0.4918032786885246,32.5,4.657534246575342,0,0,4,97,12,88,0,46,1.0
0aa1ed93a49c06c7c19a5d4fec0afe9cf52c35b4.yml,63,0.5384615384615384,0.1111111111111111,1.0,0.06349206349206349,1.5192307692307692,0,0,0,1.8214285714285714,0.576271186440678,27.063492063492063,2.5576923076923075,0.5384615384615384,32.5,5.2063492063492065,0,0,4,97,12,79,0,46,0.0
d5f1eb1ec37b3f1c7d7aefd0a6b90ba17b3308a7.yml,28,0.10714285714285714,0,0.8214285714285714,0.03571428571428571,0.7857142857142857,0,0,0,1.8571428571428572,0.7142857142857143,29.285714285714285,1.75,0,42.0,2.9642857142857144,0,0,6,181,24,55,0,56,1.0
aaabe00c5b05331239b38cc440f2c2e4ef2631e8.yml,30,0.1,0,0.8,0.03333333333333333,0.6333333333333333,0,0,0,1.7333333333333334,0.7,27.933333333333334,1.6666666666666667,0,36.25,2.8666666666666667,0,0,6,181,24,60,0,56,0.0
e7af15af14a55ddb94a252de4e449731c65846a3.yml,43,0.11627906976744186,0,0.8372093023255814,0,0.8372093023255814,0,0,0,2.6511627906976742,0.7906976744186046,32.23255813953488,2.302325581395349,0,32.714285714285715,3.883720930232558,0,0,6,179,24,80,0,57,1.0
c55d12d77aaed4a80589fa689762e061620c6725.yml,44,0.11363636363636363,0,0.8409090909090909,0,0.8181818181818182,0,0,0,1.3636363636363635,0.7954545454545454,31.818181818181817,2.25,0,33.142857142857146,2.590909090909091,0,0,6,179,24,84,0,56,0.0
50ba5ca4228a4d7848099fd0d9c9148132b8c89b.yml,43,0.3023255813953488,0,0.6511627906976745,0,0.627906976744186,26.142857142857142,0.3023255813953488,0,2.697674418604651,0.6511627906976745,20.186046511627907,1.813953488372093,0,45.5,3.86046511627907,66,1,6,67,10,42,10,70,1.0
92adb3c60fc5aaada2b188ad8e772ebf280c3220.yml,42,0.30952380952380953,0,0.6666666666666666,0,0.5714285714285714,26.142857142857142,0.30952380952380953,0,2.4761904761904763,0.6666666666666666,20.595238095238095,1.8571428571428572,0,45.5,3.6666666666666665,66,1,6,67,10,41,10,70,0.0
05ca3a51dab793eb4a9ea5850d0c3cb934f03f36.yml,31,0.06451612903225806,0,0.7419354838709677,0,0.41935483870967744,0,0,0,1.6129032258064515,0.7419354838709677,14.161290322580646,1.8064516129032258,0.06451612903225806,0,2.5806451612903225,0,0,4,179,29,30,0,0,1.0
df1cb0fcf8a7abb29700d4826654cd291a7fd4a1.yml,35,0.12121212121212122,0.05714285714285714,0.7272727272727273,0,0.5454545454545454,0,0,0.030303030303030304,2.0606060606060606,0.6857142857142857,16.428571428571427,1.9696969696969697,0.24242424242424243,0,3.3714285714285714,0,0,6,179,29,32,0,0,0.0
