Delta,Loc,AvgAssignment,AvgBlankLines,AvgColon,AvgComment,AvgDash,AvgEnvLenght,AvgEnvVariable,AvgIfStatement,AvgIndentation,AvgKeyword,AvgLineLenght,AvgNumber,AvgParenthesis,AvgScriptLenght,AvgSpace,MaxEnvLenght,MaxEnvVariable,MaxIndentation,MaxLineeLenght,MaxNumber,MaxOccurencesCharacter,MaxOccurrencesEnv,MaxScriptLenght
38a7c5df7c01ffeb114dfd28e0418b90066930bc.yml => b24ca8dbca0e44281c52b05009628ae588064fb6.yml,32,-0.005813953488372103,-0.03630792088401891,-0.02939276485788117,-0.07558733401430029,-0.7031653746770028,-2.678571428571429,0.012907419444702299,-0.0588235294117647,1.6119081779053086,-0.002742946708464006,-3.084687529018474,-0.3252583979328165,0.3417312661498709,-14.955555555555549,1.3608534322820027,0,0,4,0,0,40,10,-16
353ab32eeee090d392b98f38384f5134aea81944.yml => 12d11ea117dcefb1996626e7c8374dd6e34542d9.yml,-1,0.002114164904862506,0.0024489795918367085,0.010042283298097254,0.0,-0.035940803382663755,0.0,0.0,0.0010570824524313016,0.015856236786469413,0.0077551020408163085,-0.6538775510204093,0.013213530655391104,0.004228329809725095,-1.7156862745097996,-0.1518367346938776,0,0,0,0,0,-1,0,0
e7c05b1fda999e5676289386a956dc56df03eec2.yml => f08c8ef9b7d7cf8bbdb744636f64515ac072569d.yml,9,0.0011548463166055623,-0.0002731411229136005,-0.003976009346448484,0.0023835648418349953,-0.002713485051604625,0.0,-0.004034084276876404,0.000937532296880296,-0.020980053446723268,-0.003721347943451969,0.11794560522936592,-0.006371844362250245,0.028556199828791984,-0.38630653266331905,0.0005577482097702813,0,0,0,0,0,10,2,0
e82982e3dce677090433ba54e21877001589927f.yml => b2d0914354771fe972c3cc60e420f7d56710f316.yml,5,-0.02083333333333337,-0.0029998500074995965,0.0,0.0389980500974951,-0.10416666666666696,0.0,-0.011999400029998497,-0.015038296282458508,-0.13151503829628242,0.0,-0.47750112494374974,-0.03125,-0.06250000000000006,-2.6730158730158706,-0.40246257846450995,0,0,0,0,0,-10,0,0
9eef58c8009a1ee80968ccee7a79dc82f0692f50.yml => d1514acf887d49c7ceb02e1414f2b745bcd25e0c.yml,0,-0.06382978723404259,0.0,0.0,0.0,-0.06382978723404231,0.0,0.0,0.0,0.0,0.0,-1.7959183673469354,0.0,0.0,-5.6875,-0.06122448979591866,0,0,0,-88,0,-4,0,-91
53dd843d7388fdc8ccd965ccbf12a8e44e2d35f2.yml => b1b9c80555087d5af8b57d75d176a413ed140171.yml,0,0.0,0.0,0.0,0.0,0.0,0.0,0.0,0.0,0.20967741935483897,0.0,0.0,0.0,0.0,0.0,0.30666666666666664,0,0,0,0,0,0,0,0
3825f615bac593eab51335f7fe5a6c08a26d79a7.yml => 53dd843d7388fdc8ccd965ccbf12a8e44e2d35f2.yml,5,-0.054730983302411884,0.0016666666666666774,0.02365491651205931,-0.028333333333333294,-0.07560296846011116,0.0,0.012499999999999956,-0.00977517106549361,0.38611925708699957,0.021720969089390196,-2.864166666666655,0.052875695732838235,-0.09276437847866426,0.0,0.2258333333333331,0,0,0,0,0,5,4,0
38d4655cb6271c02ca7a92aa14302af83d8195c4.yml => 6d33347f290846d81267df9d658290a163253e4a.yml,2,0.016393442622950893,-0.0017821782178217838,0.0,0.007821782178217801,0.0,0.0,-0.0018316831683168888,-0.00032047430196690055,-0.07835596683090973,0.0,0.21866336633663508,0.0,0.0,-0.5,0.03911252823169953,0,0,0,0,0,-1,1,0
be90946e4efe2c6666106e376eb51562a926ddd7.yml => 07dff7d1d614b33e3a6d3e3ade38ce648b53a632.yml,21,0.1277777777777777,0.0,-0.1527777777777778,-0.0764705882352941,-0.3027777777777778,0.8333333333333339,0.0843137254901961,-0.0343698854337152,2.0245499181669393,-0.17500000000000004,-3.8960784313725476,0.4527777777777777,0.2888888888888889,-67.33333333333331,1.0310965630114568,1,0,6,-9,2,12,5,-85
42421825884b5aaa52fbe1331b23bacaaaf347ee.yml => 784b20c04d299ccb7a7fb9d3c90aa31dff3bf520.yml,24,-0.22380952380952385,-0.011578947368420994,-0.19107142857142861,-0.06,-0.9059523809523808,0.0,-0.07263157894736841,0.0476190476190476,0.8701996927803384,0.002523128679562614,-11.981578947368419,-0.9880952380952377,-0.2142857142857143,-35.520833333333336,-0.635416666666667,0,0,-1,-1,-6,-2,0,-16
2c598cc77822b27eef5ee6c2810ed6da49ff95bf.yml => 1753e4140b1eea1b26a9bab61cd36a645a9ba1fe.yml,-120,0.03642948139877761,0.005721232925695499,-0.033223114470162185,0.025674032754058503,0.11303874837176675,9.525,-0.248229993563613,0.0008476911013626,0.003941763621337024,-0.036594396675854735,1.1368804977472635,-0.01920241622650698,0.016489887061450596,-3.8999999999999986,0.05919943677608419,0,-6,0,0,0,-115,-24,0
9f94e6208b0ab7f879c6fd35b9c1430f1ed09a64.yml => 4682ffcbb0fe16ab21bd05a03af50125e6fab640.yml,-9,0.005668016194331882,0.011015911872705009,0.04534412955465583,0.013708690330477391,0.11983805668016179,0.0,0.0220318237454101,-0.010802469135802501,-0.17592592592592604,0.031840796019900475,-1.0130966952264373,0.051821862348178094,-0.20296896086369776,6.1875,-0.3409273653176088,0,0,0,0,0,-4,-2,0
0138d609f7722d4e2ca0226aa21e0795384b4a2e.yml => 07d98957981a30055e98486911cecc736421467d.yml,-33,-0.05539535853251809,0.0027277235906762003,0.08254585881045029,0.0005455447181353002,0.13081920511395206,0.8900000000000006,-0.08679120515787742,0.0057323513062813025,-0.3496213173985545,0.07150238341278042,1.7519094065134695,0.021782934963868794,0.07862006670372429,-0.8046421663442942,-0.06400213340444694,0,0,0,0,0,-34,4,0
a9690ace022c7b978ec4efd3f387267364682492.yml => a1a1c47b063a80802b7fa4a407878484beeab60d.yml,1,0.0009018617563560927,-1.5384615384601147e-05,-0.00409366814624279,0.0,-0.0031238399966539987,0.0,-0.00044102564102560526,-5.4895932995603636e-05,-0.0004443956480590927,-0.0040461538461538105,0.001715384615383897,-0.0007450162335115862,-0.0002300401001719965,-0.196202531645568,-0.0030871794871796254,0,0,0,0,0,0,0,0
6b1ed6e021c1380e8cdff41cf6a7a05c541d6b09.yml => 52ecafc8884fdd129fb98e93001ccc3ad3222aa2.yml,3,-0.11710144927536248,-0.0134342940889106,0.22318840579710153,0.11700048851978509,0.08579710144927599,-0.6823529411764708,-0.030166096726917502,-0.0779220779220779,0.404243643680263,0.19024390243902445,1.8545432340009782,0.24753623188405793,-0.3501449275362319,-87.71428571428571,0.13095238095238138,-9,0,0,0,0,-16,-4,-145
c7987a31626a4c6694bdf3492e0ade7f9884677c.yml => dcae185a000576fc91c12287149e65b7588e925e.yml,94,-0.07632727784819043,-0.026858239972993997,0.2589667760770422,-0.005366021759464407,0.265477235058984,-0.15058823529411747,-0.035262428705051606,0.001359490621235599,-1.6949234210979185,0.1246365819744659,3.789796822583707,-0.04791307833132924,0.5475068516893613,-1.1209906844424644,-0.5925527870386631,0,0,-2,0,0,286,3,0
e3db4cb8b992a283aabfad7bae621fe90e6273ff.yml => 70c1b1ac9269d7953929701741aa7d918a19a198.yml,2,-0.04166666666666663,0.02651515151515149,0.033333333333333326,-0.011363636363636298,-0.15833333333333321,0.0,-0.018939393939393923,0.0,-0.1416666666666666,0.012531328320801949,-1.5530303030303116,-0.20000000000000018,0.0,0.0,0.7443609022556399,0,0,0,0,0,0,0,0
f38e6c63e9bed2aea5dffcf058fca13f7917365b.yml => 8392578216548c01713319df199c7344e056ba24.yml,-1,-0.058333333333333404,0.010526315789473578,-0.008333333333333304,0.0,0.08333333333333331,0.0,-0.04736842105263161,0.0,0.02499999999999991,-0.015789473684210464,-1.1578947368421044,0.012500000000000011,0.0,0.0,0.03157894736842071,0,0,0,-3,0,-1,-1,0
10efab54d7ac40361e999469bf410cb056905a65.yml => 97b2bbd5640590ca5ed7df63c7cdbbab90c192a7.yml,-1,-0.008145131432802655,0.0,0.0031469825990374234,0.0,-0.3596815994076268,-0.08974358974358942,-0.011106997408367292,0.0007404664938912009,-0.004072565716401577,0.002776749352091823,-1.7262125138837483,0.0029618659755646093,0.0029618659755646093,0.0,-0.161606812291744,0,0,0,0,0,-13,-1,0
e7c05b1fda999e5676289386a956dc56df03eec2.yml => f08c8ef9b7d7cf8bbdb744636f64515ac072569d.yml,9,0.0011548463166055623,-0.0002731411229136005,-0.003976009346448484,0.0023835648418349953,-0.002713485051604625,0.0,-0.004034084276876404,0.000937532296880296,-0.020980053446723268,-0.003721347943451969,0.11794560522936592,-0.006371844362250245,0.028556199828791984,-0.38630653266331905,0.0005577482097702813,0,0,0,0,0,10,2,0
3c2e20df794220524b6dbe25187e46bd8ac6b296.yml => f9f628da82520822fc98b896621ff344f8d8b712.yml,-10,0.027493261455525594,0.011961722488038298,0.09164420485175201,0.106060606060606,0.09622641509433949,0.0,0.005980861244019101,0.0,-0.09999999999999964,0.07582515611061552,2.8333333333333286,0.025336927223719607,0.03665768194070089,10.3021978021978,0.4437799043062203,0,0,0,0,0,-15,0,0
4d9a4d33bc2f6c5c107bd28d04e3384d97f3f36a.yml => a8bcbb05f4067a589d76f9a96f8f61fc6efaad91.yml,-2,0.1385281385281385,0.0,0.04329004329004327,0.0,0.24935064935064988,0.0,0.024242424242424176,0.0017316017316017993,-0.08311688311688314,0.036363636363636376,9.72900432900434,0.47272727272727355,1.9792207792207797,27.30030959752318,1.199134199134198,0,0,0,0,0,-5,0,0
20ddc1e0864da817a6d7dcb7168838803452e852.yml => ed6168f7cee42dd42a93a7c8a11cb535b11932b2.yml,59,-0.07271468144044319,-0.0039232369067876,-0.12915512465373968,-0.009091195563118395,-0.001211911357340667,0.0,-0.05670574147601942,-0.0005176029628308002,1.0242470215519166,-0.1183427003880636,-4.728020419739085,-0.12638504155124664,-0.0931440443213297,0.0,0.4871536317429088,0,0,1,-70,0,-13,0,0
a5d73d4d7240a079b53cdb3e7d82985598e0529c.yml => 20ddc1e0864da817a6d7dcb7168838803452e852.yml,-137,0.014057524529474119,0.025240310077519403,-0.06028166826313197,0.09440826873385019,0.08830610712713916,0.024193548387096087,-0.02724547803617572,0.0016850527336647,-1.6157837313613772,-0.07957909343200742,2.1975813953488412,-0.13781810650581194,0.03872938618065089,-1.4782608695652186,-1.4876685515441501,0,0,0,0,-7,-194,-17,0
622048ffb08b716019259e56c97ff07c10a8338e.yml => 65a36948c0bff2889c6e6ed88a153ae666a1acbe.yml,0,0.0,0.0,0.0,0.0,0.0,0.0,0.0,0.0,0.0,0.0,0.0,0.0,0.0,0.0,-0.0028409090909087276,0,0,0,0,0,0,0,0
ef5225b776c4592d4815ae6134e6174c65542da9.yml => 48b05838666cc1670ea10d83fe303c3cf1d104d6.yml,1,-0.022959675863399587,-0.0013157894736841869,-0.014663322400154333,-0.011732456140350886,-0.02778313717923986,0.0,-0.00032894736842099814,-0.022667971298108304,0.3776908023483365,-0.009355067328136069,-1.3899122807017577,-0.029712521705576034,-0.034343044568782566,-6.445238095238089,0.3746323529411768,0,0,0,0,0,-2,0,0
cb94d184405997977d92d7a7e49559ec5d081e5b.yml => 31c08e11b596f70839ac440716ee6c7618540a51.yml,-38,-0.3275987560378485,-0.014077425842131702,-0.010719248329252862,-0.026960784313725505,-0.4475617018460927,-0.29411764705882426,0.0021995977878330047,-0.06850638151086581,0.24638381050937097,0.020855323020928018,-0.9095336852689755,-0.0745053927082644,-0.9054456428240587,-32.61887694145758,-0.4326687043694468,-5,0,-2,0,0,-40,-15,-14
f31295a004e019c85a661bd3859aa649703b3949.yml => 41c621ba0face4cc73b813d6411eeccc32b65249.yml,32,-0.009763958669068207,-0.006975414522584322,0.0004739785761683768,0.005031446540880502,-0.08659588586595879,1.2391304347826093,0.08277746013595069,-0.007286170632784202,0.16995082732134525,0.011510064287920063,-0.4891938250428751,-0.13152905488671918,-0.10133661958479467,-5.86348862405201,0.07739557739557767,5,2,0,0,0,9,-5,-9
af1d2a8f8d3808aa58e65aba73037e9ca403b8dc.yml => 1bb484b6c163cae76a877f5fd9ec5dc69a6b3ef8.yml,1,-0.007246376811594235,-0.00039215686274509873,-0.010144927536231974,-0.001568627450980395,0.03913043478260869,0.0,-0.004705882352941199,0.0,0.0065306122448980375,-0.006938020351526297,0.2568627450980401,-0.039613526570048574,-0.00772946859903384,0.008403361344555549,0.03803921568627455,0,0,0,0,0,5,1,0
6e7b27c556df46c5822c479933e1a0a54ae0dcb6.yml => 68487f540044626c0b7b752d9fdf9a5b4ed26e77.yml,-6,-0.007894736842105288,-0.0161770966368667,0.007017543859649034,0.004682843763303579,0.022807017543859498,0.0,0.0017028522775649028,0.0014232342999467018,0.13805372709482278,0.015384615384615385,0.797786292039163,-0.047368421052631615,0.008771929824561403,0.3786764705882355,0.25074499787143445,0,0,0,0,0,-2,0,0
44d0d9bc1f93da603b8e14c9499e086e220f4694.yml => 9dc94bf1f28eb64b2c02172c47b175c75757699f.yml,12,-0.021739130434782705,-0.007177033492822997,-0.006012950971322817,0.07834928229665072,-0.006012950971322706,0.0,-0.08074162679425834,0.0,-0.26984126984127,-0.003529411764705892,1.283492822966501,-0.04162812210915812,-0.04717853839037919,-1.2448275862068954,-0.25897129186602896,0,0,0,0,0,2,-2,0
eea7475e57c6c3d28f8a95b69f99044b6712c257.yml => 3b2bb854be2e65c500ad7433e10a67d8a2c69fc7.yml,-132,-0.3468694996228313,0.07094944401926799,0.2745788282625094,-0.07351550893620859,-0.42343474981141593,1.5558823529411754,-0.012515193805429314,-0.0327743902439025,0.5151350174216027,0.2809652658898891,-17.186242290550577,-0.597309529796329,-0.4691978878551673,-6.850980392156863,-1.8927491722251544,0,0,0,-67,-26,-213,-9,-70
bec7fa72c1b3474b63d0965ca799cbcd5626bb74.yml => 211e195d8f9dd6fa967a5741387fb5eae1ff351b.yml,84,-0.027539751638179955,0.09674719935213931,0.03675021766026665,0.1431232285058712,0.07304220318013077,-2.7435897435897427,-0.0673235254420299,-0.0677586206896551,-0.8320689655172409,-0.03963499582056279,-6.036253205560804,0.003757503551299113,-0.333684644640975,-12.219873150105713,-1.5036166365280295,-3,0,2,-56,-3,34,7,-54
657fcac78c497995e906b1099b16bc29c930f343.yml => a8e49c437ae3e91d1f874fc999bed376bb5881e6.yml,-39,0.0793287566742944,-0.0374931581828134,0.08466819221967958,-0.07006020799124241,-0.9122807017543859,0.0,0.08538587848932677,0.0,0.31674884207380827,0.06892418339826187,-3.899288451012584,-0.08695652173913049,0.006102212051868797,-11.242220353238018,-0.3030811771676878,0,0,0,51,-3,-93,0,54
46174879efbd6bad0c8d5105429562ab3cb1e9df.yml => 5db41313ba4b8652c90af2294871a662387210e9.yml,-18,0.0,0.006224809673085474,0.0,-0.03927451858486347,0.0,0.0,0.003425884460367297,0.0019382054497776996,0.3740736518070915,0.002324957524814486,-2.911665920286609,0.0,0.0,0.0,0.2566008994632236,0,0,0,0,0,0,0,0
7bc5cb2e5ba428d909d4b5536bd0848f0330dd70.yml => f51b3cb8b76158e1c59df0d842ea572ceaad4f62.yml,1,-0.46370967741935487,-0.0012400793650793052,0.002016129032258007,-0.006696428571428492,-1.2429435483870968,0.75,0.028769841269841306,0.0,-0.125,0.005255255255255276,-5.645585317460323,-0.10685483870967738,0.0,0.0,-0.5112612612612617,0,-1,0,-100,0,-22,2,0
00a6eb6687d6b3f658b20c8cdd7224bf85b0741a.yml => e6c345a7ddd41875f0d83472f6e8e0251aa2a2f8.yml,40,-0.8784445805266381,-0.018817204301075308,0.04853031230863436,0.12211981566820279,-1.5278628291488057,3.1428571428571432,0.15053763440860218,-0.022311212814645293,-0.17986270022883222,0.06692307692307692,-16.905145929339476,-0.6740661359461114,0.0646050214329455,4.433292533659724,-2.440787540405524,0,-1,0,16,28,-52,2,15
775e42fc8882c1443977ed97010ff0631ce6f3cf.yml => dc0be35d69569f5aa8ccfedff47c16d0da08c9e2.yml,41,-0.8395833333333331,-0.0064655172413792955,0.05291666666666661,0.1185344827586207,-1.4462499999999998,2.838709677419354,0.13586566091954022,-0.020483193277310997,-0.18308823529411766,0.0637464387464387,-16.865391522988503,-0.63,0.06750000000000006,4.155885471898195,-2.4131111518036983,0,-2,0,16,28,-54,2,15
5032c9104d84ad56e6afe406aa0081b492462fde.yml => b2bebb9821a8d4af76d5ebfc9a4217879460d93d.yml,-7,0.0675381263616557,0.023769100169779303,0.08387799564270149,-0.0526315789473684,0.16230936819172093,0.0,0.0,0.0,-0.061002178649237626,0.05942275042444822,-0.5254668930390523,0.1753812636165577,0.030501089324618716,5.160087719298247,0.39813242784380254,0,0,0,0,0,-14,0,0
48e61eea1d377c4d45526410c486a81dc47a8c58.yml => be019a03ce7df11a748718fb63d47f35a8c297ec.yml,-1,-0.047295265102689665,1.0448993239499903e-05,0.0021912864140242183,3.134697971849884e-05,-0.09578821861304465,-0.507516339869281,-0.046863734679163715,-0.0021986713065485983,0.007191816935569584,0.0021072572663127787,-1.0803893294881028,-0.04725229870241476,0.00012889920082500422,1.156349206349205,-0.05203076183609756,0,-1,0,0,0,-2,0,0
fc7fe736381ff7ef43a868597efb467388a4cc26.yml => 8af766f0d17f489173dde51edf8c3df670eca37d.yml,8,-0.29268292682926833,0.0139189607175998,0.0,0.08753479740179398,0.0,0.0,-0.317970924837612,-0.006844850065189,-0.2874837027379398,-0.008859357696566983,-0.18156510980513474,0.0,0.0,0.0,-0.5431487782245599,0,-1,0,-21,0,-24,0,0
05b95c4fbe08013151562387338bcb057bff1af0.yml => 197b6eeb2439eca9565d0eebf483ae278fcea509.yml,-11,0.0,0.041979010494752694,0.0,-0.13468265867066473,0.0,0.0,0.002748625687156399,0.0,-0.18475609756097588,-0.012653061224489837,1.0247376311844079,0.0,0.0,0.0,-0.12805122048819584,0,0,0,0,0,0,0,0
b02a59d76913556ffa846c6a8a89dca2a42e4497.yml => db528eff4bca245f389f0b7b68d66dd9852a3216.yml,1,0.022759601706970112,0.0336060783167738,-0.04409672830725464,-0.0236703682057276,-0.0035561877667140696,12.0,0.0169491525423728,0.0,-1.4402439024390246,-0.07252888318356876,-1.2139099941554647,-0.03271692745376953,0.0,-0.8888888888888857,-1.8117386489479514,12,1,-4,0,0,0,2,0
8e0fed68a27470a1e050ba57491e9741c2cd1838.yml => 4552aec9705d25586b25ef3ac3234291e6d8dd76.yml,3,0.0,0.0,0.0,0.09375,0.0,0.0,-0.0193965517241379,-0.003232758620689599,0.8103448275862069,0.0,-2.1648706896551673,0.0,0.0,0.0,0.978448275862069,0,0,2,0,0,0,0,0
3929cdcfbd4cfd722735372967173c00aea0774b.yml => 4fd405da2e199a06ca5950af910b102a62d66b21.yml,0,-0.1355263157894736,0.0,0.007894736842105288,-0.03174603174603169,-0.009210526315789447,-1.25,-0.07936507936507929,0.0,0.1304347826086958,0.013026487190620939,-1.857142857142854,0.007894736842105288,-0.0026315789473683945,-7.5,0.12727272727272743,-2,-1,0,0,0,0,-2,0
3ee5bbf846730f1c49a6c94ebfc600ae2390bb78.yml => a6bd36faaedc779f932fa76f52bab9550f0fcd6d.yml,-1,0.0,-0.019888991674375606,0.0,0.0,0.0,0.0,0.0,0.0,0.0,0.018963922294171986,0.2770582793709533,0.0,0.0,0.0,0.10823311748381048,0,0,0,0,0,0,0,0
cead1abf04bb508f3bdf96bce785cef273caf953.yml => b167b1bf7bed4d217ef803766e565102a6d77c19.yml,-3,0.03333333333333341,0.026086956521739202,0.09999999999999998,0.0065217391304348005,-0.6333333333333331,0.0,0.0,0.0,-0.10855263157894712,0.06459330143540659,-3.4173913043478237,0.0444444444444444,0.0888888888888889,-2.471428571428568,-0.7043478260869565,0,0,0,-8,0,-15,0,-15
97b889e94d443e225b7217a98a15ff9f363eca66.yml => 6a074415c3ec9b7a97c4d13f4e8ade2c4d6f028e.yml,0,0.0,0.0,0.0,0.0,0.0,0.0,0.0,0.0,0.0,0.0,0.0,0.0,0.0,0.0,-0.05405405405405439,0,0,0,0,0,0,0,0
30253ab1ac14759d221c3d2e6f247b1c2942f272.yml => a907228372775a7a2e5e3867c235061688e8a87d.yml,0,0.0,0.0,0.0,0.0,0.0,0.0,0.0,0.0,0.916666666666667,0.0,0.0,0.0,0.0,0.0,0.7586206896551726,0,0,2,0,0,0,0,0
24ff79144366d4536e3265fb85d28fbbd30f6308.yml => c29b88f181092daf11be3164cddcdc8b10cd2869.yml,0,0.0,0.0,0.0,0.0,0.0,0.0,0.0,0.0,0.0,0.0,0.0,0.0,0.0,0.0,-0.04545454545454586,0,0,0,0,0,0,0,0
bb9fd453d1579e7e99bc0cce56067e1982655e30.yml => 61fe187cbda6bccce8ce1ef844ad1c69ce73b12a.yml,11,0.0,0.0845070422535211,0.0,0.06784037558685449,0.0,0.0,0.0,0.0,0.17419354838709689,-0.0625814863102998,-2.6507042253521114,-0.033898305084746116,0.0,0.0,-0.12941176470588234,0,0,0,0,0,0,0,0
657b41710d66a1e77424ebe1cbba1d8ecde71c76.yml => 2634db2ce707e1a7b19a4fcfe23a64203b3b5023.yml,0,0.0,0.0,0.0,0.0,0.0,0.0,0.0,0.0,0.19999999999999996,0.0,0.0,0.0,0.0,0.0,0.15384615384615374,0,0,2,0,0,0,0,0
660ce8687ccc77796e4a5c9d01b7ab0410af448f.yml => 21e54de4838d5e8a858dda55085426ada5085d8e.yml,-1,0.0,0.0,0.03676470588235292,0.0,-0.2683823529411765,0.0,0.0,0.0,-0.022058823529411686,0.03676470588235292,-1.0588235294117645,-0.5147058823529411,0.0,-5.5,-0.21691176470588225,0,0,0,-13,-7,-1,0,-21
878e2e8046978cfdcfc506c0903ba3dc491fb2e6.yml => 5e49793ae6a41e4961a5d2be57b6368a72227cdb.yml,-1,0.012643678160919603,0.004429678848283519,0.01609195402298852,0.004429678848283519,-0.2206896551724138,0.0,0.0011074197120709006,0.006722689075630284,-0.02184873949579824,0.009957325746799472,0.14285714285714235,0.048275862068965614,0.02298850574712652,3.0909090909090935,0.008859357696567649,0,0,0,0,0,-1,0,0
f7591abaf293bccda3645f187897ed68a304be91.yml => 282ac5531a016d83a8f3b727b4e4d48df65a7ed3.yml,4,0.0,0.01601830663615561,0.07894736842105265,0.0,-0.05592105263157898,0.0,0.0,0.0,-0.006578947368421018,0.057208237986270116,-0.5743707093821513,0.06578947368421051,0.0,0.0,-0.14187643020594987,0,0,0,0,0,1,0,0
c2fe28881b1a4ee6466907346e47278bfb74698d.yml => ad4798a3dd46d434b42ac08958a1a655d63215a9.yml,-12,0.0427884615384615,0.0050574712643678965,-0.05288461538461542,-0.11126436781609199,0.1298076923076925,0.0,-0.0009195402298849964,0.05080213903743311,0.3636363636363642,-0.040182648401826504,4.433103448275858,0.055288461538461675,0.36971153846153837,-21.26666666666668,0.724102564102564,0,0,2,0,0,13,0,0
f923216614cf7010f7dff512e5766b3650ceff94.yml => 8973b4a0fc66734aaf85f710f703ad88cffe79f7.yml,-15,-0.060803847475094513,-0.0019301097114994004,0.07849536241841293,-0.0019301097114994004,-0.09000343524562004,0.0,0.006095083299471803,0.0,0.02742616033755274,0.05571245186136076,-3.1612149532710276,0.18430092751631744,-0.0975609756097561,-7.855072463768117,-0.2715210355987052,0,0,0,0,0,-37,0,-75
96530629be5673b60813181068965c364f440a86.yml => 7a85a0330b701e0b9bea77107f8bdb50983469a8.yml,-2,0.003676470588235302,0.0,0.03125,0.0,-0.033088235294117585,0.0,0.003676470588235302,0.0,0.17279411764705888,0.0,1.7977941176470544,0.20220588235294112,0.003676470588235302,-27.5,0.211397058823529,0,0,0,0,0,0,0,-39
fe225dcc9ae4c38e3bf2aa5432c726ebc5d63cb5.yml => 2aff8b89f0bbacaa87c3251e7b1295491d6bdcd1.yml,24,0.1,0.2045454545454545,0.0357142857142857,0.0,-0.242857142857143,12.666666666666666,0.0909090909090909,0.0285714285714285,0.9428571428571428,-0.10454545454545461,-11.622727272727275,-1.1285714285714286,0.1714285714285714,20.333333333333336,0.40909090909090917,14,3,0,0,0,21,2,22
34652dc563b9f5f246426cd9e6c92dba61a356cc.yml => bd05fae22f2e91267e3e16d2dea19d3e695630dc.yml,-3,0.0635658914728682,-0.020512820512820495,-0.04341085271317835,-0.02820512820512827,0.06304909560723515,0.0,0.0015384615384615996,0.04,0.11058823529411765,0.0,-0.46564102564102683,-0.002067183462532318,0.18294573643410872,1.4437500000000014,0.6349206349206349,0,0,0,0,0,7,0,9
92dcc0cec698a72d7cffe1b2863bd62523edfe97.yml => 5a3b90dadd9209fd08418c126447e8a6840eb64a.yml,3,-0.06043956043956039,0.01836441893830698,0.0714285714285714,0.017216642754662836,-0.04395604395604402,0.0,-0.0012912482065996975,-0.0185064935064935,-0.08701298701298699,0.0,-1.1037302725968416,0.098901098901099,-0.18681318681318682,-1.3589743589743613,-0.342217484008529,0,0,0,0,0,-5,0,0
35714904140439732a684d9e7ec9df016bdda05d.yml => f219bfa89af61f5d2c0a115174669402240e42ca.yml,5,0.0,0.0792847503373819,0.0,-0.006747638326585703,0.0,0.0,-0.0016869095816464015,0.0,0.0,-0.05102040816326525,-1.7000674763832642,0.0,0.0,0.0,-0.3236363636363637,0,0,0,0,0,0,0,0
c1f21fa47a82ece36c1882c72a1e0200d0c1a9e2.yml => 32b32c13004908300efce25cefc3837c21d7659b.yml,21,0.0049893086243764095,0.03315412186379921,-0.04941791399382278,0.0721326164874552,-0.11047754811119015,13.5,0.021505376344086,-0.0525867575047903,0.43900361933148835,-0.06031483015741501,-5.892473118279572,-0.04324067474459492,-0.0014255167498217758,-26.067934782608702,-0.252309556262305,15,1,2,-151,0,3,2,-177
1cdf8292eb651843342318f68f843ae5ff9af28b.yml => 9c3a8052224ca87b749c0b95788a503407383245.yml,-2,-0.03116108928329489,-0.0055900621118012,0.003319333423655313,0.0002070393374742005,0.009280585286546517,0.0,0.0014492753623187998,-0.0080645161290322,0.05284552845528445,0.005008525149190091,0.14554865424430474,0.028790136837826885,0.02032244953258372,0.22247918593895122,0.044099378881988116,0,0,0,-4,0,0,0,-8
eb101bfc995ae216ed0f87df17f47a39cad8dd80.yml => 8edfb697f41cac5242044120a8cf65860e007f5c.yml,0,0.0,0.0,0.0,0.0,0.0,0.0,0.0,0.0,0.0,0.0,0.0,0.0,0.0,0.0,0.0,0,0,0,0,0,0,0,0
49f245af1904c4bafe3e9a8a24dda150975982d1.yml => 80438d21ab49c13bebbcf671a3f7b42592826687.yml,-2,0.006944444444444503,0.0,0.0625,0.0,0.10416666666666663,0.0,0.0,0.006944444444444503,-0.375,0.0625,1.6875,0.15277777777777768,0.02777777777777779,21.26666666666666,-0.03472222222222232,0,0,-2,43,0,0,0,50
a2dd9489d8a2253072f3a57090f7ff9383642120.yml => 66044af055a680ff5fa2b4d29be16ac11e83438c.yml,8,-0.23,-0.04605410239213059,-0.08499999999999996,0.047171920411357066,-0.355,0.0,-0.007154035323049403,-0.1116625310173698,1.0334987593052107,-0.046896551724138036,-3.9798792756539214,-0.19499999999999995,-0.6200000000000001,-34.30065359477123,0.31013824884792696,0,0,2,0,0,0,-5,-34
608dbd0f7f4bfa7800a4c05e59eef2ea3578faa3.yml => af1b632a115b41d4d28404bb9968797228c355cc.yml,0,0.0,0.0,0.0,0.0,0.0,0.0,0.0,0.0,0.0,0.0,0.0,0.0,0.0,0.0,-0.0769230769230771,0,0,0,0,0,0,0,0
5d6f6f56a2a0f72a67c2d3f96eb61986cf821a1e.yml => 18b812b1b905a53c185b3572541b3e90c08b669f.yml,0,0.0,0.0,0.0,0.0,0.0,0.0,0.0,0.0,0.12765957446808507,0.0,0.0,0.0,0.0,0.0,0.10526315789473628,0,0,0,0,0,0,0,0
b4f3985508892e0939e9e94a4c3e047c95246dbc.yml => 865407561d57024507f5fadf0611ac50985e7539.yml,-8,0.054495412844036695,0.004398826979472206,0.05284403669724769,0.016373411534701898,0.017155963302752264,0.0,0.014173998044965691,0.004295901709768901,0.1551679697568522,0.044783081946820125,1.3365102639296182,0.04697247706422025,-0.05027522935779816,7.907407407407405,0.15237119437939128,0,0,0,0,0,-8,0,0
24ff79144366d4536e3265fb85d28fbbd30f6308.yml => c29b88f181092daf11be3164cddcdc8b10cd2869.yml,0,0.0,0.0,0.0,0.0,0.0,0.0,0.0,0.0,0.0,0.0,0.0,0.0,0.0,0.0,-0.04545454545454586,0,0,0,0,0,0,0,0
c08b76d295844e36369eaae825ee76713a21a200.yml => 5d3cdb5e7be2eb909c546f407b10523a4a8387ee.yml,2,-0.004757656853999398,-0.004375683700578198,-0.024382991376746932,-0.0025003906860446984,0.2649420160570919,0.0,-0.0018752930145335966,-0.0005204267499350004,-0.04111371324486024,-0.015435076210688847,1.3041100171901832,-0.02111210228962257,0.23134106452572117,10.190476190476183,0.07515151515151519,0,0,0,0,0,6,1,41
53dd843d7388fdc8ccd965ccbf12a8e44e2d35f2.yml => b1b9c80555087d5af8b57d75d176a413ed140171.yml,0,0.0,0.0,0.0,0.0,0.0,0.0,0.0,0.0,0.20967741935483897,0.0,0.0,0.0,0.0,0.0,0.30666666666666664,0,0,0,0,0,0,0,0
3825f615bac593eab51335f7fe5a6c08a26d79a7.yml => 53dd843d7388fdc8ccd965ccbf12a8e44e2d35f2.yml,5,-0.054730983302411884,0.0016666666666666774,0.02365491651205931,-0.028333333333333294,-0.07560296846011116,0.0,0.012499999999999956,-0.00977517106549361,0.38611925708699957,0.021720969089390196,-2.864166666666655,0.052875695732838235,-0.09276437847866426,0.0,0.2258333333333331,0,0,0,0,0,5,4,0
38d4655cb6271c02ca7a92aa14302af83d8195c4.yml => 6d33347f290846d81267df9d658290a163253e4a.yml,2,0.016393442622950893,-0.0017821782178217838,0.0,0.007821782178217801,0.0,0.0,-0.0018316831683168888,-0.00032047430196690055,-0.07835596683090973,0.0,0.21866336633663508,0.0,0.0,-0.5,0.03911252823169953,0,0,0,0,0,-1,1,0
6da5b3a58761b53a1457b8c4f0a10e52aed470b6.yml => b4a0f27290e732276c0d6f4a7b56cb93e09f34d9.yml,0,-0.12820512820512822,0.0,0.0,0.0,-0.15384615384615397,-0.5,-0.0925925925925926,0.0,0.27083333333333304,0.0,-1.777777777777775,-0.07692307692307693,0.0,-0.21212121212121104,0.10416666666666696,-6,-3,0,-14,-2,-2,0,-16
0ad61ae76b121344ccd2ad4bbf4af4e4b5b8f70e.yml => ee1c7b9518a9e8f8a4c873d61a21ac7d37d46bea.yml,5,0.0,-0.0020000000000000018,0.0,0.04,0.0,0.0,-0.01366666666666666,0.0,-0.20713548577325636,0.0,0.7710000000000008,0.0,0.0,0.0,-0.07500000000000018,0,0,0,14,0,0,0,0
902bc6dc8df90d1350f0ebfef396378c11f469e3.yml => 1253e4aba21da261b91d2c18a52cc39232a973ae.yml,7,-0.7172093023255814,-0.023375834851244698,0.3474418604651164,0.0,0.10186046511627911,-13.0,-0.8888888888888888,0.0,0.46139534883720934,0.08318154219793561,0.02185792349726512,1.4832558139534884,2.28,0.0,2.436247723132969,-14,-4,-2,-11,6,39,-18,0
4823cc900c4b3f8f498db6731d68275f60ecbd4d.yml => fb57ec4269f5a7511e0245bafd575641dea901f4.yml,-3,-0.10855263157894729,0.0,0.07894736842105271,0.0,-0.049342105263157854,0.0,-0.10855263157894729,0.0,-0.13815789473684204,0.07894736842105271,-3.947368421052632,-0.9539473684210529,0.0,0.0,-0.11842105263157876,0,0,0,-7,-2,-10,-3,0
a01fb67c87e11f942adacff036be73d39ecca587.yml => c6eab97f64e00bed82e0189f0c7049a68e3932cf.yml,7,0.0,0.09443752594437531,0.0,-0.007264425072644201,0.0,0.0,-0.005811540058115398,0.0,0.0,-0.06683271066832719,-2.0035284350352853,0.0,0.0,0.0,-0.7031963470319633,0,0,0,0,0,0,0,0
1b9748e5ceb6dabc62a8bd05e094143c352bdce2.yml => 8004ef59afc84d91a9cbc9e2516b206ebaf2d4f4.yml,7,0.0,0.09443752594437531,0.0,-0.007264425072644201,0.0,0.0,-0.005811540058115398,0.0,0.0,-0.06683271066832719,-2.0035284350352853,0.0,0.0,0.0,-0.7031963470319633,0,0,0,0,0,0,0,0
faf70b6295afc2891a43ab4269c779da66f686c5.yml => 9929c1618d30b86719a51fe59c844c51a4cb4753.yml,2,-0.03174603174603169,0.0,-0.19047619047619047,0.0,-0.25396825396825395,0.0,0.0,0.0,0.25396825396825407,-0.04761904761904767,-7.0476190476190474,-0.47619047619047605,-0.06349206349206349,-7.399999999999999,-0.11111111111111116,0,0,0,0,0,1,0,0
e005451ef60fb4ffe666c3a61e8d2c98350d1f61.yml => f7beddf859b592748e4b1dfb24a5f7837ac3db71.yml,3,0.0,0.0379901960784314,0.0,0.011029411764705926,0.0,0.0,-0.0024509803921567985,0.0,-0.0585106382978724,-0.022727272727272707,-1.481617647058826,0.0,0.0,0.0,-0.29534313725490247,0,0,0,0,0,0,0,0
5d28f26bb3b2a4fa7adc0808be54d49a70b1589b.yml => 9d3554c26aa85d66cbfe6f481464f1a357af5e12.yml,-19,-0.07175102985158849,0.004726368159203895,0.041814796004740085,0.006445047489823608,0.02243101405112613,0.11863442389758028,-0.06322930800542731,0.0054054054054054,-0.35716216216216257,0.0368421052631579,-0.04927634554500315,-0.03775181987472498,0.0122453586140737,0.987764182424911,-0.2630573556436788,0,0,0,0,0,-17,0,7
c7c06583df9d6337de02f7ea325d6448ebcc1096.yml => 7ad822ab839440d225e73da4a2a2f65bd7a42a01.yml,4,-0.0001777040634996091,-0.0003373313343328979,0.0011846937566638571,0.007215142428785598,-0.006130790190735702,0.0,-0.00044977511244380375,0.0,-0.04683069224353531,0.001217953031424579,0.396964017991003,-0.003628124629783125,-0.0005034948465821865,0.0,-0.03252024700382883,0,0,0,0,0,-1,0,0
8d755d075243e975500de248d86bf9ad29b698fa.yml => e552f15f9bb9581129b07ece1026bfa443f4f17f.yml,33,-0.006561679790026309,0.005328981331912203,-0.004241969753780772,0.006561308264917007,-0.016061742282214797,0.10795795795795726,-0.005520491598527896,0.0010124888492417002,-0.007265834076717326,-0.006874197931607151,-0.6058635447717684,-0.002795900512435834,-0.019432570928633985,-5.181481481481491,-0.07894521039413682,0,0,0,0,0,4,0,-40
c9159754757765e10ea4b46f9348bd6e6c9c6e13.yml => ca1842f2a0971ffef06b8ea699f4b42e55d142a8.yml,-3,-0.0005285412262157063,-0.006318158213605707,-0.0060782241014799565,0.0025965033754544037,0.003964059196617353,0.01713709677419395,-0.0011251514626969272,0.00043407487791639887,0.0015192620727075834,-0.0008247422680413008,0.25082222606889104,-0.004492600422832949,0.003171247357293905,0.0,-0.023628180716634972,0,0,0,0,0,-2,-1,0
f25492d74f13d1f6a87ebbe0b9ad5f7223715b95.yml => 5b5ad0e4fc97f540fdbda459adaa1ccc68cf6712.yml,-2,0.0,-0.014048531289910626,0.0,-0.0344827586206896,0.0,0.0,0.002554278416347401,0.0,-0.42105263157894735,0.015873015873015928,-0.9591315453384404,0.0,0.0,0.0,-0.22883597883597906,0,0,0,-22,0,0,0,0
2489d278a696354d0ee68b7d74eb490dd9de2ac1.yml => 46286a1f455d8e0837f7c2b9e1bbdff1ef858f0f.yml,-3,-0.0341307814992026,-0.008481886141460615,0.03955342902711323,0.020270270270270285,0.08181818181818179,0.0,0.0,-0.0129445717681011,-0.14514896867838,0.035933806146572045,0.7000862564692341,-0.022009569377990423,-0.0695374800637959,0.27225806451612655,0.19529455583835187,0,0,-2,0,0,-10,0,0
72025dbad1e02a01fefad1be7df5c843c1c98983.yml => 8e3eaec559b46119ae80472d9a6ea837e75d6de9.yml,19,-0.32999999999999996,0.0326340326340326,0.6,-0.025058275058275098,-0.24,0.0,-0.23251748251748255,0.0,4.730407523510971,0.4885057471264368,-3.7156177156177144,-0.010000000000000009,0.0,0.0,3.9475524475524475,0,0,4,0,0,24,0,0
0c288dee3d71baa4e90f03f9900cec659dd87300.yml => 85711410b056291742853e70417931fd6ebf83ee.yml,-8,0.02330811694949908,0.025960539979231617,0.0010222858311183802,-0.020485226092702702,0.03557554692291953,0.0,0.0007552157084868005,-0.00032562683165089645,-0.6322044936502769,0.005378914654554104,-0.633248371566129,-0.12022081373952154,0.014312001635657379,0.1740740740740776,-0.7043269230769234,0,0,-10,0,-3,-15,-1,0
f5d3fa22405b23701a8ee192188bbffb6f11e33f.yml => c8b674a18bf1462a1cb6c61e744a46bb730623ac.yml,70,-0.33632019115890077,-0.0571428571428571,-0.233273596176822,-0.0714285714285714,-1.5785543608124253,0.0,-0.09999999999999999,-0.0760019550342131,5.209677419354839,-0.1937927663734116,-18.700000000000003,-1.4211469534050178,-0.3458781362007169,-47.80086580086579,2.685714285714285,0,0,6,-101,0,-20,-3,-126
c8090b96c73b752cafee3082739840d056f4c03b.yml => e5fc886087d583c6f3faa94ccba681bd579772a3.yml,0,0.0,0.0,0.0,0.0,0.0,0.0,0.0,0.0,0.0,0.0,0.03174603174603874,0.0,0.0,0.0769230769230802,0.032786885245901676,0,0,0,0,0,0,0,0
67d47584169098cc91a5ed5a45c5b8c75f59d981.yml => 6a490368e804f6aa9975b5e2f265d71a90bb128f.yml,4,-0.02786377708978338,-0.0018140589569160988,0.004643962848297184,-0.01814058956916101,0.3668730650154799,0.0,-0.007256235827664395,-0.005012531328320795,-0.16666666666666696,0.005128205128205082,2.4240362811791307,0.08359133126934981,0.049535603715170295,4.0606896551724105,-0.11270125223613636,0,0,0,3,2,16,2,4
9322371742c37359aa6e7d1968905fb6af0ea592.yml => f833f68bfd4ef185aacd955b320b5e5ad84ea9b0.yml,2,0.02920227920227919,0.0,0.0883190883190883,-0.0013227513227513019,-0.029202279202279136,-0.5666666666666664,0.0291005291005291,0.0,0.3883361921097772,0.09045584045584043,0.7255291005290978,0.061253561253561295,-0.002849002849002899,0.0,0.4933104631217837,0,0,0,0,0,4,2,0
fa18167a3b7ff9a97161eb365e22b2aa92b256ba.yml => db289e01c122669c5881652ca6bc3ef17c5e5cf7.yml,2,0.0,-0.013913043478260806,0.0,0.0730434782608696,0.0,0.0,-0.0034782608695652015,0.0,-0.2606516290726817,0.0,0.6434782608695642,0.0,0.0,0.0,-0.1808695652173915,0,0,0,0,0,0,0,0
24e05d0718964df54c0d44115cc221fa2750bda8.yml => 0bbedadf1ef26f151914cfc570f9d715d66c04cc.yml,6,-0.0043591979075849885,0.07,0.07236268526591111,-0.1107142857142858,-0.020924149956408344,0.0,0.0,0.0,0.23461091753774665,0.033333333333333326,-1.1607142857142847,0.6477768090671315,0.0,-0.529411764705884,-0.14571428571428546,0,0,0,126,24,11,0,0
a45b4b4ecaad9e62d01e2bc162212e178dedd47c.yml => 03991a3d81aa51ef234e626b5a44b87219e5b536.yml,1,0.0,0.1284584980237154,0.027568922305764465,0.0,0.01754385964912286,0.0,0.0,0.0,0.09523809523809512,-0.07312252964426869,-2.086956521739131,0.16541353383458657,0.01002506265664159,6.0,-0.24703557312252933,0,0,0,0,0,-3,0,0
b5d99b2e71a7c1ec0041ade31aca60942777a662.yml => 2d763f74b65ecc4c477fa5d1ea81ff28d15cbbbc.yml,6,-0.021012931034482707,-0.0041407867494824,0.021012931034482762,-0.002760524499654901,-0.0738146551724137,0.0,-0.005521048999309802,0.0,0.0883620689655169,0.02348911181795932,0.8695652173913118,0.04256465517241381,0.0,0.0,0.45779300220210395,0,0,0,0,0,5,0,0
6ab4c63211ccc9b4632be931c1c09b294c0e8b7d.yml => 4dcde0c4a220765e12e3fdd1fb89307b906e9332.yml,14,0.0,0.125,-0.09999999999999998,0.25,-0.2333333333333334,0.0,0.0,0.0,-0.04761904761904756,-0.2222222222222222,8.316666666666666,0.0666666666666666,0.4,3.3000000000000007,-0.15833333333333366,0,0,0,50,0,13,0,49
3715a101c20127059d305bc8cd5fe10d6da22733.yml => 0aa1ed93a49c06c7c19a5d4fec0afe9cf52c35b4.yml,10,-0.06305170239596475,-0.0015220700152207,-0.0983606557377048,-0.008697542944118203,-0.1257881462799495,0.0,0.0,0.0,0.42472527472527455,-0.05453205600589539,-0.4607523374646618,-0.0658890290037828,-0.046658259773013855,0.0,-0.548814959773865,0,0,0,0,0,9,0,0
d5f1eb1ec37b3f1c7d7aefd0a6b90ba17b3308a7.yml => aaabe00c5b05331239b38cc440f2c2e4ef2631e8.yml,-2,0.00714285714285709,0.0,0.021428571428571352,0.0023809523809524002,0.1523809523809524,0.0,0.0,0.0,0.12380952380952337,0.014285714285714346,1.3523809523809511,0.08333333333333326,0.0,5.75,0.09761904761904772,0,0,0,0,0,-5,0,0
e7af15af14a55ddb94a252de4e449731c65846a3.yml => c55d12d77aaed4a80589fa689762e061620c6725.yml,-1,0.0026427061310781985,0.0,-0.0036997885835095,0.0,0.019027484143763207,0.0,0.0,0.0,1.2875264270613107,-0.004756871035940802,0.414376321353064,0.05232558139534893,0.0,-0.4285714285714306,1.292811839323467,0,0,0,0,0,-4,0,1
50ba5ca4228a4d7848099fd0d9c9148132b8c89b.yml => 92adb3c60fc5aaada2b188ad8e772ebf280c3220.yml,1,-0.00719822812846066,0.0,-0.015503875968992165,0.0,0.056478405315614655,0.0,-0.00719822812846066,0.0,0.2214839424141748,-0.015503875968992165,-0.40919158361018404,-0.04318936877076385,0.0,0.0,0.19379844961240345,0,0,0,0,0,1,0,0
05ca3a51dab793eb4a9ea5850d0c3cb934f03f36.yml => df1cb0fcf8a7abb29700d4826654cd291a7fd4a1.yml,-4,-0.05669599217986321,-0.0571428571428571,0.014662756598240456,0.0,-0.12609970674486803,0.0,0.0,-0.0303030303030303,-0.4477028347996095,0.05622119815668203,-2.267281105990781,-0.16324535679374397,-0.17790811339198442,0.0,-0.7907834101382489,0,0,-2,0,0,-2,0,0
9748e90a7434ec03dfa7e692473873f900768ccf.yml => 058112f8215628a5273d74491230260f1d3f769f.yml,-23,0.0,-0.4782608695652174,-0.052631578947368474,0.0652173913043478,-0.1578947368421053,0.0,0.0,0.0,0.0,0.2441860465116279,9.58695652173913,0.0,0.0,-10.0,2.2337209302325576,0,0,0,-36,0,-1,0,-40
39442c7bbaf0141c8e2527e0bfc338e3706fd72d.yml => af48987eb9724fe8270ea4a524b04afc518fba95.yml,4,-0.075968992248062,-0.0013586956521738983,-0.00568475452196382,-0.0013586956521738983,0.016020671834624967,1.375,0.0394021739130435,0.0,0.03853754940711607,-0.004591035399299281,-1.2789855072463752,-0.1436692506459949,0.0,-26.033333333333346,-0.07935222672064945,0,0,0,-12,-3,8,1,-95
72b8f6895785c0d92c071a7055174a0f00e0223f.yml => cc68c1f7884551428e60f15c1dbc03f278e5bb92.yml,0,0.0,0.0,0.0,0.0,0.12,0.0,0.0,0.0,0.0,0.0,1.9600000000000009,0.28,0.0,6.125,0.0,0,0,0,0,0,3,0,0
e341a2318ee7f646a0442df06585787f0705805b.yml => 9f2d3be733243a5d0de2d4078048826c77003b15.yml,-21,0.0,0.036713286713286705,0.18238213399503717,0.058741258741258795,0.1302729528535982,0.0,0.0,0.0,-0.17948717948717952,0.1432748538011697,-7.313986013986014,-0.1910669975186104,0.0,-4.909090909090914,-0.02937062937062951,0,0,0,0,0,-86,0,0
e5793efb09b696ae24bbbc8f59dc5150674475ec.yml => edac248dad32556eaa05711e475f6bc1b3d0fa19.yml,-1,0.0232558139534884,-0.019888991674375606,0.0,0.0,0.0,0.0,0.0018501387604070024,0.0,0.0,0.015726179463459666,0.592969472710454,-0.023255813953488413,0.0,12.0,0.1600370027752076,0,0,0,16,0,0,1,22
12585eef25d3c0f82b2a3ede8dd354fbec645883.yml => 0bf937d2fc8bde897588e9e64888e9202e4e7889.yml,-71,-0.23203725606150216,-0.0091312618896639,-0.06837670017740982,-0.007545973367152898,-0.8946629213483146,0.7362637362637372,-0.08947368421052632,0.009484897125346602,-0.9267474098934771,0.0324775353016688,-9.740773620798983,-0.0949142519219397,-0.3892667060910704,0.0,-1.712872542802791,0,0,0,-150,0,-237,-18,0
6cc00a09fe947a12dc137b5738c5b3a6956713e0.yml => 65fceab75afcf7248982fdb6d8cca0999cd4e2c6.yml,-2,0.02347417840375593,0.0018752930145335966,0.013472137170851217,0.002187841850289099,0.09165135741988162,0.0,0.003125488357555911,-0.012012012012012005,-0.13515981735159777,0.011082251082251082,0.24738240350054852,0.022453561951418677,-0.023678301694223303,0.33679653679653754,-0.14783559931239232,0,0,0,0,0,-2,-1,0
bde498b55b02d05742bdd232b950a889262928d4.yml => 7cb0f5c86ab81dfffc926353ca28e40b77bc5e38.yml,-2,-0.014846069698390307,0.013588561975658692,0.00968901390842325,-0.0105163653550751,0.01468979528051273,0.0,0.0023632281696797097,-0.005469604625722824,0.0037505860290671933,0.003105590062111807,-1.592224979321756,0.05282075324269431,-0.005938427879356056,-0.9901808785529695,-0.1318681318681323,0,0,0,0,0,-8,2,0
3199b96630a73cdc3c25c3eece1d766aecd64c46.yml => b32a6475df0ecfa1abdc3716b528ce7cef22673c.yml,-11,0.025641025641025605,0.003072196620583778,-0.012820512820512775,-0.08064516129032262,0.032051282051282104,0.0,0.025345622119815697,0.0,0.1568627450980391,0.031746031746031744,-3.202764976958523,0.19871794871794846,0.0,0.0,0.23238095238095235,0,0,0,0,0,-1,-3,0
d5bfd07333e33aed7112af4207e7376ffb918d28.yml => 7d5bfd65c4ac06b8f8c0eae50b1cd1056d8dd61d.yml,-11,0.0009661835748791953,0.0,0.010628019323671467,-0.17124332570556822,0.021739130434782594,0.0,0.0,0.0,0.5169960474308302,0.010628019323671467,3.4591914569031275,0.00579710144927531,0.0009661835748791953,0.0,0.4335968379446644,0,0,0,0,0,0,0,0
b2abb5e8aa5af8a60ffee539c83b25ef087b217d.yml => 9b141c4714f1403390f7e9d6ce3cbce928126cf2.yml,-15,-0.03519668737060039,0.0333333333333333,0.018633540372670843,-0.2222222222222222,0.01863354037267051,-10.0,-0.0222222222222222,0.0,0.03344481605351157,0.022321428571428492,1.7777777777777786,0.11180124223602483,0.0,0.0,0.17619047619047645,-10,-1,0,0,0,-4,-2,0
49de9e8f9509c8a804610876c2522d757b821798.yml => 0c45ada6555890ac510560dd0ae92a7a2206356b.yml,-4,-0.004834980029430308,0.003654970760233911,0.016396888795459308,0.0007309941520467003,-0.0010510826150935682,0.25,-0.005116959064327409,0.0,-0.02438511667017007,0.012426900584795342,0.15204678362573176,-0.021231868824889533,0.0,0.0,-0.03874269005847886,0,0,0,0,0,-4,0,0
d733d3b3f01f11ee28cbc10d59451ccd9f2b0651.yml => 9d0f24e18953b18b74b4bfa33027a25d7d790d89.yml,0,0.0,0.0,0.0,0.0,-0.09302325581395365,0.0,0.0,0.0,0.0,0.0,-0.13725490196078916,0.0,0.0,-1.5555555555555607,0.0,0,0,0,0,0,2,0,-7
9b043590fd45e2a5cd12c6b604a28eb38d9c5c2c.yml => 3e1ed284527d2f1c23e136f9e6635f88d80121a6.yml,0,0.0,0.0,0.0,0.0,-0.09302325581395365,0.0,0.0,0.0,0.0,0.0,-0.13725490196078916,0.0,0.0,-1.5555555555555607,0.0,0,0,0,0,0,2,0,-7
27a46c906de3ed756b91cb59a1b148e8b84b5cbe.yml => a2ce05a23c08fd3c1ef0b82e9d55838436025873.yml,0,0.0,0.0,0.0,0.0,-0.09302325581395365,0.0,0.0,0.0,0.0,0.0,-0.13725490196078916,0.0,0.0,-1.5555555555555607,0.0,0,0,0,0,0,2,0,-7
4bf66ccc4d1d028d468cade7a7b3be989c5b9a4a.yml => 2446de599acb77500a7f99c2d822357edbccd23a.yml,6,0.12418300653594769,0.0,-0.36601307189542487,-0.1944444444444445,-1.418300653594771,-0.75,0.19444444444444448,0.0,0.6666666666666666,-0.36601307189542487,-24.97222222222222,-0.1568627450980392,-0.261437908496732,-41.14285714285715,-0.5833333333333335,1,1,0,-253,0,-4,-3,-42
31197094d96590b158fb78ed54290e3016f5e19e.yml => 22aa2eac4b288546ec66ff7cab3bbfd1688aa158.yml,-3,-0.027272727272727303,0.009538950715421296,0.030303030303030276,-0.027027027027027,-0.051515151515151514,0.0,0.0,0.0,0.006060606060605878,0.04769475357710651,0.6033386327503933,0.19393939393939386,0.012121212121212102,3.5,-0.2678855325914151,0,0,0,0,0,-6,0,0
118995e291e5eda07a3c835d5dd5c318aaf647ff.yml => b9ca706d4a8f63147c152a2a57b5637a7b3c6fe4.yml,-4,-0.2222222222222222,-0.1,0.11111111111111105,0.0,-2.444444444444444,0.0,0.0,0.0,0.0,0.2666666666666666,-29.866666666666674,-1.0,-1.3333333333333333,-102.5,-1.9666666666666663,0,0,0,-147,-6,-15,0,-219
ee3191cfbfbb3ab3de47428197e6b4720f4d1152.yml => afb9c0236a945a860c5e85746113d66774bf5d1d.yml,-1,0.0,0.013071895424836583,0.04395604395604402,0.0,-0.03846153846153849,0.0,0.0,0.0,-0.08791208791208782,0.026143790849673165,-0.4901960784313726,0.010989010989011005,0.010989010989011005,-0.6666666666666661,-0.196078431372549,0,0,0,-4,0,-2,0,-4
f764a13c6383b92520231ba3570d23b27489b58c.yml => dde35e6060d0b532d483b14b3de14c56f356c801.yml,1,-0.004615384615384702,-0.005040322580645101,-0.018461538461538474,-0.0010080645161289967,-0.0061538461538463984,0.0,-0.0020161290322579933,0.0,0.02153846153846173,-0.012903225806451646,0.02318548387096797,-0.06307692307692303,-0.009230769230769292,-1.018181818181823,0.033333333333333215,0,0,0,0,0,0,0,0
6598917674f0ade0c4e92e8887332adbc0b73f46.yml => 7bf4491d87cff7bd6842f1d6455d40272db7799b.yml,-1,0.0021645021645022022,0.0,0.03896103896103886,0.0,-0.03246753246753248,-8.0,-0.0454545454545454,0.0,-0.17316017316017351,0.03896103896103886,0.5367965367965386,0.008658008658008615,0.0,0.0,-0.13852813852813783,-8,-1,-2,0,0,-1,-1,0
07b563b65c4abbead8228087bf3874ead686729e.yml => 6287b2d91a59b0101f4ae541e8f5b74008f9e6f5.yml,-1,0.06874999999999998,0.0,-0.014583333333333282,-0.0909090909090909,0.008333333333333304,-0.008275862068966688,0.15246212121212122,0.0,0.125,-0.05625000000000002,-1.2765151515151487,0.04791666666666661,0.0,-4.799999999999997,0.125,0,0,0,0,0,4,0,-18
280cc1f602b5ac630c34d17402da2000d4383ede.yml => a5b8897831542737b991c014ca3c859f0eb89736.yml,-2,0.0,0.040404040404040414,0.12698412698412698,0.0,-1.6825396825396828,0.0,0.0,0.0,-0.25396825396825407,0.08080808080808083,-15.949494949494948,0.09523809523809518,0.0,-46.5,-1.6868686868686869,0,0,0,-76,0,-22,0,-86
c9bcd3b068b2185352f794f75cb8b07f71ad59ce.yml => e87454875cebedd0623fc45d1e5f381954d44c31.yml,-1,0.0,0.0,0.09523809523809523,0.0,-0.33333333333333337,0.0,0.0,0.0,-0.19047619047619047,0.09523809523809523,-0.9761904761904745,-0.09523809523809518,0.0,8.0,-0.5952380952380951,0,0,0,0,-1,-1,0,0
55f426f6338d374dc790ebfba89665b76caf420b.yml => 0fa78156a29bbaeb4d93a189121b23534190c578.yml,-97,-0.5317139001349527,0.05,-0.38101664417453895,0.0,-0.17228969860548804,0.0,-1.3555555555555556,0.0,-0.5713000449842556,-0.40470085470085465,-123.88119658119659,-20.265856950067473,-0.0512820512820512,-14.783333333333339,-1.48034188034188,0,-1,0,-135,-37,-444,0,-35
900af9028fb65afa1a4eac2a0a70b235e48389d0.yml => 6fdfc72557b5fef946abc91b8ddcbfd960b1ac6d.yml,10,0.0013175230566535023,-0.0277777777777777,0.11857707509881427,-0.0555555555555555,-0.18511198945981566,0.0,0.0,0.0,0.2534161490683229,0.1265984654731458,-4.131642512077299,-0.16996047430830052,0.0,-15.571428571428584,-0.10386473429951693,0,0,0,-17,0,7,0,-37
9b5062358a0ed9c7a82c19cc0225c68bd2833756.yml => 348ff2d77b4184308c768203f9c39def647fc3f6.yml,-2,0.008771929824561375,-0.013460703430308307,-0.006072874493927127,0.003473729917499002,0.019568151147098534,0.0,0.006079027355623101,0.0013495276653172003,0.06072874493927127,0.0027173913043477826,0.37342596613113344,0.023616734143049767,0.0026990553306342896,0.0,0.14311594202898537,0,0,0,0,0,-4,0,0
c4a0e491b1da57e0571317a4137eaeeed86651ad.yml => c4621165f3fbaba40a5343b9a6b5f6e4cda97287.yml,-1,0.0,0.0,0.0,-0.2,0.0,0.0,0.0,0.0,0.19999999999999996,0.0,0.04999999999999982,0.0,0.0,0.0,-0.050000000000000044,0,0,0,0,0,0,0,0
40a161cc1d5b55a1222e6a3275ae7d73bf34cfc0.yml => b2fc5413490005df04c565d5371a2d920149642c.yml,2,0.0,0.0,-0.4,0.0,0.4,0.0,0.0,0.0,0.8,-0.4,-4.0,0.19999999999999996,0.0,0.0,0.6000000000000001,0,0,2,0,0,-1,0,0
9c3678e980c3728a031fc8ddb6889caae0f44fe7.yml => f43f6ec2185332fb7c7a4183b04e6a1eb57cc2d7.yml,-17,-0.14177489177489178,0.0668896321070234,-0.007936507936507908,0.0,0.0620490620490628,0.9499999999999993,-0.17447045707915282,0.06854256854256852,-1.9213564213564212,-0.04542920847268678,1.3637123745819366,0.4087301587301587,0.2741702741702743,0.1538461538461604,-1.55685618729097,0,0,0,0,0,-32,-5,0
a06e7d5ea1bba84389b394562af8ec616a2860f8.yml => 8f71c56a51ef991d9f23ffb9bec6bd8c24c21fd3.yml,10,-0.3479750778816202,0.010884446878422799,-0.0322949117341641,-0.07667031763417309,-0.23271028037383146,0.0,-0.0687979189485215,0.016966449802270696,0.7041714504401071,-0.022280092592592504,-1.1153477546549837,-0.6833852544132917,0.05212876427829699,-12.516666666666673,0.21600955794504184,0,0,0,-36,-4,3,2,-45
0e2e8c446d3d4c222126fcbfa322cdd4a0f17ff5.yml => e60448de828eb2974d5e6b5ec8ed55b594ff814b.yml,-4,-0.04743083003952572,-0.0038759689922480134,0.0,0.003100775193798505,0.050724637681159424,0.7678571428571423,-0.0392764857881137,0.001666666666666601,0.08888888888888857,0.0005952380952380931,0.5059431524547833,0.04413702239789197,0.01712779973649542,0.0,0.14315245478036243,0,-1,0,0,0,-5,2,0
f046beea5c3f6369855f957f1b49b0f3eb54921d.yml => 8ec2f7698227b37732cd3c62c1987208fa9cc520.yml,-1,0.0,0.010822510822510789,-0.26102941176470584,0.0,-0.06617647058823517,0.0,0.0,0.0,-1.1470588235294117,-0.20779220779220786,-2.084415584415586,0.029411764705882415,0.0,2.1666666666666643,-1.1753246753246755,0,0,0,0,0,-7,0,0
d5985f24121888336b83c2648186e4db3ce8678a.yml => f44ccd7b8773c816a6da52ed0625729894fefe7e.yml,-3,-0.10810810810810809,0.007523510971786801,0.0,-0.04231974921630091,-0.43243243243243246,0.0,0.0,0.0,0.0714893617021275,0.0,-1.715047021943576,0.0,0.0,-3.6799999999999997,-0.1551724137931041,0,0,0,0,0,-8,0,0
6dd064c70e0914c5293cbb2fd4d3e9e8b7e8c96b.yml => df10d6975748cb64932ab5c3d3c81842ad3e4543.yml,-6,-0.25,0.02857142857142861,-0.045454545454545525,0.0,-0.08522727272727271,-14.0,-0.0952380952380952,0.0,-0.40909090909090917,-0.04761904761904756,-4.961904761904762,0.17045454545454541,-0.125,-18.166666666666664,-0.4380952380952381,-14,-1,-2,8,0,-18,-3,9
c5f227505d786af28552e59bd6350503991da14f.yml => 5766bc3888978ad0346137073aeb08aeddfcbb95.yml,-12,0.0,-0.006386066763425208,0.0,-0.1468795355587809,0.0,0.0,0.0174165457184325,0.0,0.0,0.013318534961154316,-1.1329462989840344,0.0,0.0,0.0,0.117647058823529,0,0,0,-1,0,0,-1,0
0be6d079d1bdb458fee3f5bb42b49974a11c1762.yml => 7171ce4ffeb7eb18c344041ba164e8823877ad91.yml,-2,-0.14126807563959948,0.011088011088011107,-0.06562847608453831,0.0,0.027808676307007785,-2.916666666666668,-0.0457380457380457,0.0,-0.04449388209121241,0.019404019404019424,-2.7283437283437273,-0.16240266963292543,0.0,0.0,0.006930006930006893,-19,0,0,-6,0,-13,0,0
154e4cbed889d9bbcc9dc7d1e8909c670572df67.yml => d559aed8f0cc2a76401f1d29829eefb2af1ccea3.yml,-1,0.0074224021592443346,0.004251700680272086,0.008771929824561375,0.0,0.021592442645074206,0.0,0.002551020408163296,0.0,-0.013495276653171517,0.005527210884353706,0.42091836734693544,0.013495276653171406,0.0,3.242105263157896,0.0017006802721084568,0,0,0,0,0,-1,0,0
68a43d831288af74dd97d3d59c978887148db8f7.yml => 0a67629a603c354ce4326fa52a65f39534dd138f.yml,0,0.0,0.0,0.0,0.0,0.0,0.0,0.0,0.0,0.0,0.0,0.0,0.0,0.0,0.0,0.0,0,0,0,0,0,0,0,0
6696b7ed5231ce6b918f055562ab7748def33aa6.yml => 756760a2f0c74ce1aab711037e7c6505825dfed9.yml,-4,0.0,-0.00793650793650802,-0.04195804195804198,-0.0555555555555555,0.15384615384615385,0.0,0.0,0.0,0.06493506493506496,-0.01680672268907568,0.9523809523809561,0.2657342657342656,0.0,0.0,0.2380952380952388,0,0,0,0,0,-2,0,0
24453d944bc3e8f6dca002680efff6ff7639da7e.yml => b47ffebe3b943cc5af799f7e9e5ef478f178eea3.yml,-2,0.0,0.0,-0.10526315789473678,-0.0681818181818182,0.0,0.0,0.0,0.0,0.06060606060606055,-0.05263157894736836,-1.727272727272723,-0.1578947368421053,0.0,0.09090909090909349,0.03030303030303072,0,0,0,0,-1,-2,0,0
0b22b1482cfa4d655ba56d416b1d3951a3ffaead.yml => fdadb8fb7b6be5147150d7f4c7077c34b835b3bb.yml,0,0.0,0.0,0.0,0.0,0.0,0.0,0.0,0.0,0.0,0.0,0.028985507246385822,0.0,0.0,-0.6000000000000014,0.0,0,0,0,0,0,0,0,0
80154d02474a272e06864c405f92bfb0eef6c7c5.yml => 733cd82df249dcb979f0c14c48727a1e5597312f.yml,-4,0.036363636363636376,0.0,-0.009956709956709942,0.0008658008658008996,-0.03939393939393954,0.0,0.006060606060605989,0.012987012987013019,-0.10476190476190461,-0.013419913419913443,0.91774891774892,0.07705627705627704,0.08138528138528156,0.0,0.12337662337662358,0,0,0,0,0,-6,0,0
d5e42b67e19c888eb36bab9f274b47525208b81c.yml => 10a1c4416e62c7c48b37e38cdd6bea9bca1b27d2.yml,-13,0.01944444444444443,0.009956709956709997,-0.01944444444444443,-0.1341991341991342,0.02499999999999991,0.0,0.08138528138528141,-0.007170435741864295,0.17760617760617792,0.0021208907741251948,0.9242424242424185,0.002777777777777768,-0.07222222222222219,1.2965260545905721,0.20606060606060606,0,0,0,0,0,-6,-1,0
68a7e4f030210dcca69d0d89814f638c58ec8afd.yml => 2b1957e0d2bd13c80b21bab6dc2922690da68d7a.yml,-2,0.0,0.002768549280177196,0.0,-0.0227021040974529,0.0,0.0,0.005260243632336681,0.0,0.0,0.0,-0.34136212624584417,0.0,0.0,0.0,0.0,0,0,0,0,0,-3,0,0
5783cb5193295ef04836a37610a6d1404644f55f.yml => 3ac70c55e0668e18f9508c44b64b7de927878daf.yml,-2,0.0,0.04999999999999999,-0.125,0.0,0.45833333333333326,0.0,0.0,0.0,0.0,-0.125,1.0749999999999993,0.0,0.0,0.0,0.19999999999999996,0,0,0,0,0,-2,0,0
48599f5e94f2f986439e944345c7c43b6158e13f.yml => 04c5f5179b26f5354180a78f51236c4909f1c173.yml,-21,0.0,0.0177717019822283,0.0,-0.131578947368421,0.0,0.0,0.0297334244702665,0.013106921487603312,0.1048553719008265,-0.0021991203518592073,-4.206083390293919,0.0,0.0,0.0,0.03623188405797073,0,0,0,0,0,0,0,0
171651796ed9164a608acf26bc915c39c0022c3d.yml => 2d7893e25df2bf50bd1246f7cfbc99d348e61c72.yml,-4,0.009517629245078985,0.003947368421052602,0.023794073112697434,-0.0230263157894737,0.00908500973393922,0.0,0.008552631578947284,0.0007722007722006999,0.28880308880308814,0.020091324200913308,-0.7717105263157897,0.013627514600908386,0.0315812243132165,-2.583333333333343,0.07368421052631469,0,0,0,0,0,-6,0,0
68a8095cb50db530ec1c1fb5216d8e8b6229c975.yml => e50a19b2a98c09089f0b3223a0d787e7d8ac0a67.yml,-15,-0.04275862068965519,0.05162064825930368,-0.0027586206896552112,-0.2154861944777911,0.008275862068965578,0.07142857142857117,0.07863145258103249,-0.025,0.6115384615384616,-0.004784688995215336,-7.369147659063625,0.17103448275862076,-0.1379310344827586,-11.36666666666666,-0.579831932773109,0,0,0,-27,0,-8,-1,-40
026100eedc29df889b23896ceb7b1c23a87d6f72.yml => f4b75f95a5a1a5cec3bc3613a27168df8d80ebe8.yml,2,-0.04248366013071897,-0.001134429948950702,-0.03104575163398693,-0.006806579693703907,-0.06862745098039236,0.0,-0.004537719795802697,0.0,0.03809523809523796,-0.024710424710424672,-4.858196256381163,-0.5980392156862746,0.042483660130719,-14.0,-0.017016449234260378,0,0,0,0,0,-14,0,-206
5676c19a6c0c71feba9553073d1ee9fc15964be9.yml => 1a3e839846f432e77d3e312837e7a34b97a3bf19.yml,-1,0.0029761904761904934,0.0021621621621620846,0.008078231292517002,0.0034234234234233885,0.00680272108843516,0.0,0.0003603603603604018,0.0,-0.006049606775559324,0.004918032786885296,-0.06450450450450518,0.008078231292517002,0.0008503401360544019,0.25543478260869534,-0.003519668737060222,0,0,0,0,0,-6,0,0
b11c5e9c0138ac80738dc2a16cc0ee3155e8bc4e.yml => eab3c4c7ecc2c0a19070dfec95c088a44e775660.yml,-4,0.026232114467408585,-0.0012515644555694816,0.003974562798092107,0.0033375052148518977,0.0119236883942766,0.0,0.016687526074259523,0.0,-0.00427350427350448,0.003174603174603108,-0.8802670004171897,0.006359300476947549,0.0,-2.5535714285714306,0.04213600333750511,0,0,0,0,0,-5,0,0
c5d2424b7a0de55dc2e842b34bd8e29b8af1a8b8.yml => 3064172b4438ceaec15f86577b33e5fec0f1a3db.yml,-1,-0.26455026455026454,0.005882352941176394,0.025132275132275117,0.0,-0.08730158730158732,0.0,-0.3647058823529412,0.0,0.007936507936507908,0.015966386554621903,0.08655462184873741,0.030423280423280463,0.0,-11.0,-0.005882352941176006,0,-2,0,-11,0,-2,-1,-11
282eef3aab8131f59d2b2ae4385f50e23849ecbe.yml => d07988b7d99831dbc9ec80fc76de273548019c76.yml,0,0.0,0.0,0.0,0.0,0.0,0.0,0.0,0.0,0.0,0.0,0.02469135802468969,0.0,0.0,0.0,0.0,0,0,0,0,0,0,0,0
96169cfc24eeebaa944b507f5b60ba1c7103fb89.yml => 10ab88e0859b3fda142af20ab6990ca5a2f81d39.yml,-6,0.027272727272727282,0.011553273427471089,0.050000000000000044,0.0038510911424903954,0.09696969696969726,0.0,0.014441591784338903,0.0,-0.4022770398481972,0.03525641025641024,0.9406290115532734,0.1287878787878789,0.0030303030303029978,4.2226720647773295,-0.3668918918918922,0,0,-2,0,0,-4,0,0
30aea40e441e30c2412da7f4b865b8b957d810d7.yml => d940443fb815f5e566585c4c8d1c6f3aa38077f1.yml,0,0.0,0.0,0.0,0.0,0.0,0.0,0.0,0.0,0.0,0.0,0.0,0.0,0.0,0.0,0.0,0,0,0,0,0,0,0,0
55fafd020dbf659f7b5b0460e695812ff00cc1de.yml => c26c2519cd0d573f2584b560ce0bbdfcc692c7e8.yml,0,-0.010989010989011005,-0.0625,-0.05494505494505497,0.0,0.03296703296703296,0.0,0.0,0.0,0.06593406593406592,0.0,0.25,0.15934065934065933,0.0,0.0,0.1875,0,0,0,0,0,0,0,0
bc9cdc0bed786f20cd6de77effd45e06ab5fd920.yml => d932b927de3501ba2de93b688d9f25f58c57ae2e.yml,17,0.1332737030411449,-0.07212121212121209,0.08944543828264762,0.0,-0.10822898032200357,0.0,0.11939393939393939,-0.02236135957066189,1.8640429338103752,0.11575757575757584,0.6333333333333329,0.23434704830053668,-0.10375670840787121,4.053571428571431,1.973939393939394,0,0,2,0,0,16,8,0
aa60cffe852b02823f128b87368920aa8e8c8490.yml => bb0d1005138e53cb2d414401f0338f22fbbc636b.yml,2,0.0444444444444444,0.032246998284734096,0.04444444444444451,-0.0034305317324185014,0.2444444444444447,-2.75,0.1602058319039451,-0.0212765957446808,0.04255319148936154,-0.0236773954864965,-1.541680960548888,0.1777777777777776,-0.2222222222222222,-14.236363636363642,-0.32418524871355103,1,3,0,0,0,-3,2,-21
193bc89a49be803f52822f816954fa4ce769a20f.yml => 852dcb9a564dabd089b96d69280ae8da44c5c6b4.yml,238,-0.017295597484276726,-0.0306547619047619,0.24819057602076472,-0.0258928571428571,-0.2503369272237199,0.028849621348719268,0.039880952380952406,-0.0029212375200296003,0.9953901146308395,0.2661060626610606,1.2681547619047642,0.0002246181491464827,0.022936008785065493,1.4782608695652186,1.471498944405349,0,0,0,0,0,353,23,0
1e1884352213bef9afb935ac31d6eaa1a8960225.yml => 504189a0bbb5a4149e10834dcc296705c7b64630.yml,0,0.0,0.0,0.0,0.0,0.0,0.0,0.0,0.0,0.0,0.0,0.0,0.0,0.0,0.0,0.0,0,0,0,0,0,0,0,0
a67cb58e000e9c26086d68b7ffbaefd6d668a042.yml => a0fc902eb184cd4097c8ab453ddc57964cd2dbd4.yml,6,-0.003286541889483019,0.0002040816326529804,0.00047348484848480643,-0.004149659863945582,-0.014427361853832421,0.0,-0.0007482993197279048,0.0026217974246647985,-0.025620602681533988,0.0011672383141487913,-0.33272108843537396,-0.011419340463458105,0.0034536541889483297,-0.46703185230269995,-0.06068852266729241,0,0,0,0,0,2,0,0
2bdc8d5775bdb21c1d5937855ca7780655ac7981.yml => 31331e7f556dae0e68c8f420034697ed381773cd.yml,-2,0.0,0.0,0.09523809523809523,0.0,0.011904761904761973,0.0,0.0,0.0,0.023809523809523947,0.09523809523809523,3.130952380952383,0.03571428571428581,0.0,17.25,0.4523809523809521,0,0,0,0,0,-4,0,0
af5e7bde7958c8b6c836f55fdea4bf17ecffa0c4.yml => df84d666aea506f003f9b2a2f8efce02d4c3738a.yml,-1,0.005555555555555619,0.0,0.016666666666666607,0.0007507507507506991,-0.00952380952380949,0.0,0.0,0.0,-0.018018018018018722,0.011904761904761807,-1.0878378378378386,-0.041269841269841345,0.0,-1.6394736842105289,-0.1351351351351351,0,0,0,0,0,-5,0,0
e0e78fb0e2407e1fcdf16962c6399705acb70a45.yml => 029de1a244ccad4ad2dc4c51f7815bd6f5361fd8.yml,14,-0.0571428571428571,-0.013559322033898313,0.24620060790273557,-0.005273069679849397,0.10820668693009106,-9.0,-0.0444444444444444,0.0,0.9722222222222221,0.2037617554858934,3.322033898305083,1.9258358662613981,0.0,7.101190476190489,1.0218455743879473,-9,-1,4,0,13,50,-2,0
861b796c22de7221b8fb6d050bf3fbe20737d990.yml => 452c5132dfb424fbf64797340f19682e3fe0ae57.yml,1,-0.0747871158830063,-0.0019413706076490123,-0.014809329877822908,-0.010677538342069498,0.018881895594224374,0.0,-0.0017472335468841083,-0.0003011141222523002,-0.03673592291478478,-0.007206588881262799,-0.35818287711123986,-0.0040725657164013,-0.0020362828582007053,-6.36666666666666,-0.047563579887400564,0,0,0,0,0,-1,0,0
1100ad11e455ca0d930798da3ebf5d0632a35971.yml => fbc495f6f05d89e301fc0c6086e45c932014ff3d.yml,0,0.0,0.0,0.0,0.0,0.0,0.0,0.0,0.0,0.0,0.0,0.0,0.0,0.0,0.0,0.0,0,0,0,0,0,0,0,0
b239b832af1f0b0c574a2554eea49e99dbd2c55c.yml => bcf033f6fe278e4d4346e06d70753bd84064c645.yml,0,0.0,0.0,0.0,0.0,0.0,0.0,0.0,0.0,0.0,0.0,0.0,0.0,0.0,0.0,0.0,0,0,0,0,0,0,0,0
4a4edb5807d094f22788c7fbd23b05a29ef98bdc.yml => 0785e0b4159d8fd9142e07e2d477cd627d80df7e.yml,5,-0.0361990950226244,-0.01254480286738352,0.03167420814479638,-0.04032258064516131,-0.14027149321266963,0.0,0.0,-0.0180995475113122,0.4434389140271493,0.05218855218855212,-2.993727598566309,0.0,-0.14479638009049783,0.0,0.028619528619528545,0,0,2,0,0,2,0,0
f09d4056296632ada3eb68c69fcad840372ee7f3.yml => 03a956d05ce08b0f4da37c07c268dae016b08936.yml,0,0.0,0.0,0.0,0.0,0.0,0.0,0.0,0.0,0.0,0.0,0.0,0.0,0.0,0.0,0.0,0,0,0,0,0,0,0,0
b4a0f27290e732276c0d6f4a7b56cb93e09f34d9.yml => 7d8c6a76699caf78a7ba0ad000b20b2b26b7302b.yml,0,0.0,0.0,0.0,0.0,-0.07692307692307687,0.0,0.0,0.0,-0.08333333333333348,0.0,-0.09259259259259522,0.0,0.0,0.0,-0.10416666666666696,0,0,0,-2,0,0,0,0
31fc943a98a99592f2228905acd3c0c3f6b71de5.yml => 5adf82b7e79a4abcea0b659c85cc86f8026560c0.yml,-12,-0.1531531531531532,0.04848484848484849,0.103103103103103,-0.0444444444444444,-0.5765765765765766,0.0,0.0727272727272727,-0.1025641025641025,0.14814814814814836,0.08456659619450319,-10.014141414141413,0.08208208208208212,-0.46646646646646656,11.727272727272727,-1.591919191919192,0,0,0,-18,-2,-25,-4,-24
f3f0e3ba03f476a80704e2789da3544b01473f86.yml => aa2734477aa1b9c88d8a16a088322a7fe20a7147.yml,6,-0.0432692307692307,-0.005911330049261098,-0.02163461538461542,-0.023645320197044392,-0.12259615384615352,0.0,0.0,0.0,0.24369747899159644,-0.01683501683501676,-6.694581280788185,-1.115384615384615,0.0,-4.13333333333334,0.03546798029556664,0,0,2,0,0,6,0,0
b2fc5413490005df04c565d5371a2d920149642c.yml => fcc9ad751e6ab7cb4edeaadf61da8b6c88891827.yml,0,0.0,0.0,0.0,0.0,0.0,0.0,0.0,0.0,0.0,0.0,0.0,0.0,0.0,0.0,0.0,0,0,0,0,0,0,0,0
9638d1520e48e4fb4dffbefc1f096ea2f26e145c.yml => 9bfd80821048c222f39ba334bb16f159fff386f1.yml,0,0.0,0.0,0.0,0.0,0.0,0.0,0.0,0.0,0.0,0.0,-0.1590909090909065,0.0,0.0,-0.25,0.0,0,0,0,0,0,0,0,0
37238a17e6eb3221189950ee750f961802311446.yml => b0002e4881211e3e423b4c9b7f700a51b3ffed88.yml,9,-0.04124417648670875,-0.0122093023255814,-0.030693340641271605,0.0032945736434108197,-0.09742395176760765,0.0,-0.020930232558139583,0.0,0.163586850807236,-0.019770520741394515,-1.0352713178294586,-0.04508084406686763,0.0,-1.3682539682539705,-0.05718670759375444,0,-2,2,-61,-1,0,0,-68
ef663d7cb52f767d9cb02875be069415075bce2b.yml => a8432f24e8a46a21b34e9bba59f75134d414d52c.yml,0,0.0,0.0,0.0,0.0,0.0,0.0,0.0,0.0,0.0,0.0,0.0,0.0,0.0,0.0,0.0,0,0,0,0,0,0,0,0
68487f540044626c0b7b752d9fdf9a5b4ed26e77.yml => 36b593bec015fb566b1a1966c25390a029a5a440.yml,1,0.013841807909604487,-0.0013365410318097043,-0.007909604519774016,-0.002673082063619381,-0.0016949152542371504,0.0,-0.0002673082063619006,-0.00034176349965829925,-0.03315105946684849,-0.005797101449275366,-0.016706762897619853,0.026553672316384114,-0.002824858757062204,-0.5036764705882355,-0.02967121090617475,0,0,0,0,0,1,0,0
f6f62efa52673005dad3992b5a2f3b38a6a7c88b.yml => 565109acb61717fa70400b2120bb879cd12f9428.yml,0,0.0,0.0,0.0,0.0,0.0,0.0,0.0,0.0,0.0,0.0,0.0,0.0,0.0,0.0,0.0,0,0,0,0,0,0,0,0
483a7da6b9c86a2428a94f2679b236ee09aaaca9.yml => 2621f1d57f958a319d885823ac0b60121e2862fb.yml,0,0.0,0.0,0.0,0.0,0.0,0.0,0.0,0.0,0.0,0.0,0.0,0.0,0.0,0.0,0.0,0,0,0,0,0,0,0,0
95d24fb80fdb68b92b685402d5331ffdca66fb54.yml => 038158eca0d0aa2bc43b2c80313321b50e6215c5.yml,-1,-0.0356125356125356,0.0,0.028490028490028574,0.0,-0.10256410256410262,0.0,0.002849002849002899,0.0,-0.028490028490028463,0.028490028490028574,0.4344729344729359,0.17094017094017033,0.0,0.0,-0.10398860398860377,0,0,0,0,0,-1,0,0
6ae46cb37bdf5b56ed090cd5777dec6401826ff1.yml => 015db510072df3d07ca6ac6ce013170ffc838f62.yml,-7,0.023809523809523794,0.0,0.0,0.0,0.16666666666666663,0.0,0.0,0.0,-0.9999999999999998,0.04761904761904756,-1.5,0.023809523809523794,-0.6190476190476191,0.0,-1.0952380952380958,0,0,-2,0,0,-17,0,0
cbdf4fc7329d4419a48e3743109e59bf3ff315df.yml => 32d274411a9811846c47eb763abc0d86be956843.yml,-2,-0.005698005698005715,0.003174603174603094,-0.022792022792022804,0.003968253968253899,0.01424501424501412,0.0,-0.024999999999999994,0.0033068783068782998,-0.11375661375661394,-0.021505376344086058,-0.56111111111111,0.0,0.019943019943019946,-1.8703703703703667,-0.139616935483871,0,0,0,0,0,-9,-2,0
0c7adb68b902561e7941d96a98d33c79c8dbb594.yml => 13d781214da0f52ad8100dd0bb6ee34fdf67a27e.yml,-5,0.009157509157509201,0.0,0.049450549450549386,0.0,0.00366300366300365,0.0,0.0,0.0,-0.098901098901099,0.04029304029304026,1.637362637362635,0.009157509157509201,0.14652014652014644,17.16666666666667,0.02380952380952417,0,0,0,0,0,-8,0,0
8bf9ee0a7b7c9f38b14ae1d86e72c793fa5e2e9e.yml => efdf81269457ded68ab375fc7ca23d907957e5b0.yml,0,0.0,0.0,0.0,0.0,0.0,0.0,0.0,0.0,0.0,0.0,0.0,0.0,0.0,0.0,0.0,0,0,0,0,0,0,0,0
fca7d40019cb11137a124e3bf7075c93cc9568d9.yml => 2acb62e518555ae856b22beba87731a0812f840e.yml,0,0.0,0.0,0.0,0.0,0.017094017094017033,0.0,0.0,0.0,0.0,0.0,0.7344632768361592,0.0,0.0,0.0,-0.012269938650306678,0,0,0,0,0,14,0,0
9ade21bf0ac8a95252d82b649b7ee186762a749f.yml => 179839c32fab0241b2ba9dc4c70d938eabfcea23.yml,0,0.0,0.0,0.0,0.0,0.11111111111111116,0.0,0.0,0.0,0.0,0.0,0.22222222222222499,0.0,0.0,0.0,0.11111111111111116,0,0,0,0,0,0,0,0
38513f554a175601b8a497a81e36692d3f51de9d.yml => bd3d7f927069cb5db7d1a3f2d9ca7a36a86dc883.yml,0,0.0,0.0,0.0,0.0,-0.04878048780487787,0.0,0.0,0.0,0.0,0.0,-0.341463414634152,0.0,0.04878048780487809,-1.4444444444444429,0.024390243902439046,0,0,0,0,0,-2,0,0
f43f6ec2185332fb7c7a4183b04e6a1eb57cc2d7.yml => 35c928e75efb4fde92f67b67d3da5463bfafc677.yml,0,0.0,0.0,0.0,0.0,0.0,0.0,0.0,0.0,0.0,0.0,0.0,0.0,0.0,0.0,0.0,0,0,0,0,0,0,0,0
98ac8ba569e9206795af9548be341ca3c6fb745a.yml => 173c58cf4995c4b392c310647bf3525172b9cf5a.yml,0,0.0,0.0,0.0,0.0,0.0,0.0,0.0,0.0,0.0,0.0,0.0,0.0,0.0,0.0,0.0,0,0,0,0,0,0,0,0
19c0a4f21f0abc6b5afabea845f37e5a57b5c284.yml => cd0b7c69d1cd1c767946abd63454630fdd43bf9d.yml,1,-0.001424501424501401,0.0,-0.0185185185185186,0.0,0.047008547008547064,0.0,-0.002849002849002899,0.0,-0.014245014245014287,-0.0185185185185186,-0.7962962962962976,-0.1467236467236468,0.0,0.159340659340657,0.0698005698005697,0,0,0,0,0,3,0,0
bf1d021c13fbdbc76ecd7f09911887c005dbf5c9.yml => f44010e030418bd62d4b01aade57a5239345ec0d.yml,0,0.0,0.0,0.0,0.0,0.0,0.0,0.0,0.0,0.0,0.0,0.0,0.0,0.0,0.0,0.0,0,0,0,0,0,0,0,0
fc17c9b78478eda36e509f312f84a644757b88b3.yml => 70b3cf7fd125c07b01217e9217de72667a21fcd1.yml,20,-0.0038095238095238043,0.0,0.05028571428571427,0.0,-0.04342857142857137,-0.28282828282828376,-0.0007619047619046998,-0.0015508684863523997,0.2239999999999993,0.02361904761904765,0.4853333333333367,-0.0754285714285714,0.051809523809523916,0.0,0.2506666666666666,0,0,0,0,0,64,2,0
da9ff14778fc368e32a032aa726c6943dc5c969d.yml => fdbb24542136ccb71146373f908048ea5e104d2b.yml,0,0.042553191489361694,0.0,-0.021276595744680826,0.0,0.021276595744680993,10.0,0.018181818181818202,0.0,0.08510638297872342,-0.009708737864077693,0.009090909090907928,0.0,0.0,-4.839181286549703,0.009708737864077444,10,0,0,0,0,-2,3,-1
25f98327177478c09a50971e41e7d347689b665c.yml => d8f8f1bc4542e7c552a039fe8d172c9d510f7693.yml,0,0.0,0.0,0.0,0.0,0.0,0.0,0.0,0.0,0.0,0.0,0.0,0.0,0.0,0.0,0.0,0,0,0,0,0,0,0,0
135c02ea4133073128aa6740da243e8558a4b28c.yml => ed01752cb41d8ddced812a7682f91c526cc41ac4.yml,0,0.004164807377658786,-0.01941747572815529,0.00907333035847091,0.038834951456310704,-0.10620258813029904,0.0,0.0,0.0,-0.12048192771084354,0.04179137567897129,1.0291262135922317,-0.02959988100550337,0.11482968912687785,0.0,0.019207813347802194,0,0,0,0,0,5,0,0
f5a950875d4b500f4ed97aea81b6b59df08fd351.yml => 857b1e4a032574abf7a0fc5d40c7f2360da7316b.yml,0,-0.036363636363636376,0.0,0.0,0.0,0.07272727272727231,0.0,0.0,0.0,0.0,0.0,-0.8474576271186507,0.0,0.0,1.1666666666666572,0.09090909090909172,0,0,0,0,0,5,0,0
2b58a24aa599bf4092104caa3a0750d2bac77275.yml => 11a8a4344c0556753814028cedd92814a3268052.yml,0,0.0,0.0,0.0,0.0,0.0,-1.0,0.0,0.0,0.0,0.0,-0.026785714285711748,0.0,0.0,-0.055555555555557135,0.0,-1,0,0,0,0,0,0,0
f6696dbd9e76205ff0decbace827258ae96c7699.yml => c4af3c0d41a0e4d179a6118218ce3a3ec9dde2ea.yml,1,-0.02279202279202286,0.0,-0.024216524216524205,-0.001424501424501401,-0.002849002849002691,0.0,-0.012820512820512775,0.0,-0.002849002849003135,-0.019943019943019946,-0.7336182336182304,0.02279202279202286,0.0,0.0,-0.019943019943019724,0,0,0,0,0,0,0,0
542fd25f3818e3dc71e41a4b12872db9566a0b1b.yml => 599205398c3acb134f3611818d0ad1f5ca33c9ba.yml,0,0.00793650793650802,0.0,0.014550264550264591,0.0303030303030303,-0.06878306878306861,0.0,0.0,0.0,-0.0714285714285714,0.010416666666666685,0.03030303030302761,0.11111111111111116,0.0,-0.2638888888888893,-0.09090909090909083,0,0,0,0,0,-2,0,0
f7beddf859b592748e4b1dfb24a5f7837ac3db71.yml => ee816971ee333dc36a43bba9ca071d01c9be9b20.yml,-3,0.0017421602787456025,-0.0379901960784314,0.012775842044134733,0.008578431372548989,0.0034843205574912606,0.0,0.0024509803921567985,0.0,0.01684397163120588,0.033333333333333326,2.069852941176471,0.04936120789779297,-0.0441347270615563,15.916666666666671,0.27573529411764763,0,0,0,0,0,1,0,0
3a0fb0bb0e2285d0ee62ade24a714d04715ac365.yml => d026d45d91f0f2174fadc454a7baf2ee0737594c.yml,0,0.0,0.0,0.0,0.0,0.0,0.0,0.0,0.0,0.0,0.0,0.0,0.0,0.0,0.0,0.0,0,0,0,0,0,0,0,0
256dec06016650128ca3d59d541a1a335b948331.yml => 14915c24d730c45a9440ec9eb080929e3ed0d06b.yml,-1,0.0002070393374742005,0.0006105006105005945,0.0053830227743271175,0.001953601953601891,-0.006211180124223503,0.0,0.0,0.0,0.005964912280701284,0.004684684684684637,0.017094017094017033,0.003519668737060111,0.0016563146997930073,4.009090909090908,-0.007561728395061529,0,0,0,0,0,-2,0,0
ce1db27302620737b9cef10c22059a9a0cf0a52a.yml => 51045a28604bed2c9885a8af46c26fac643b12dd.yml,-46,0.10490196078431371,0.004174573055028399,-0.130718954248366,-0.3299810246679317,0.5258169934640522,1.083333333333334,0.09373814041745729,-0.011441647597254002,0.5118230358504956,-0.06604938271604932,-0.3488614800759038,-0.27287581699346397,0.14901960784313723,10.291666666666664,1.7797010228166799,11,1,0,0,0,43,-1,53
7476af0c972e35f55af8b386cf1ab10ccb6bd2ef.yml => c567a66f5e5ffaa77ae7395011a559935c31dddc.yml,-2,-0.007857733664185296,0.0012349656357387995,0.0021918941273780246,-0.004402920962199297,-0.002067824648469996,0.2727272727272725,0.0578823024054983,-0.011952026468155519,0.038916459884202226,0.0011612579248007071,-0.47476374570446467,-0.02588916459884205,-0.00951199338296116,-2.235279922779924,-0.059192768815516494,0,2,0,-7,0,11,0,-17
